audio,bloque_id,chars,subcaso,fecha,tipo,y8_mafapo_cs,y9_cidh_cs
catatumbo,catatumbo_b0000,2000,Norte de Santander,2022-04-26,audiencia_reconocimiento,0.16654843091964722,0.24140697717666626
catatumbo,catatumbo_b0001,2001,Norte de Santander,2022-04-26,audiencia_reconocimiento,0.20019441843032837,0.28698188066482544
catatumbo,catatumbo_b0002,2001,Norte de Santander,2022-04-26,audiencia_reconocimiento,0.1759943962097168,0.21724951267242432
catatumbo,catatumbo_b0003,2001,Norte de Santander,2022-04-26,audiencia_reconocimiento,0.17149698734283447,0.23343616724014282
catatumbo,catatumbo_b0004,2000,Norte de Santander,2022-04-26,audiencia_reconocimiento,0.17358970642089844,0.20952612161636353
catatumbo,catatumbo_b0005,2004,Norte de Santander,2022-04-26,audiencia_reconocimiento,0.20781445503234863,0.25389087200164795
catatumbo,catatumbo_b0006,2000,Norte de Santander,2022-04-26,audiencia_reconocimiento,0.19389373064041138,0.2718977928161621
catatumbo,catatumbo_b0007,2006,Norte de Santander,2022-04-26,audiencia_reconocimiento,0.17003095149993896,0.21671390533447266
catatumbo,catatumbo_b0008,1999,Norte de Santander,2022-04-26,audiencia_reconocimiento,0.2064393162727356,0.25935178995132446
catatumbo,catatumbo_b0009,2003,Norte de Santander,2022-04-26,audiencia_reconocimiento,0.24778318405151367,0.3099769353866577
catatumbo,catatumbo_b0010,2003,Norte de Santander,2022-04-26,audiencia_reconocimiento,0.163546621799469,0.2553086280822754
catatumbo,catatumbo_b0011,2003,Norte de Santander,2022-04-26,audiencia_reconocimiento,0.17800801992416382,0.26711684465408325
catatumbo,catatumbo_b0012,1999,Norte de Santander,2022-04-26,audiencia_reconocimiento,0.14937365055084229,0.24869030714035034
catatumbo,catatumbo_b0013,1999,Norte de Santander,2022-04-26,audiencia_reconocimiento,0.1737123727798462,0.25183552503585815
catatumbo,catatumbo_b0014,2002,Norte de Santander,2022-04-26,audiencia_reconocimiento,0.259881854057312,0.3194016218185425
catatumbo,catatumbo_b0015,2004,Norte de Santander,2022-04-26,audiencia_reconocimiento,0.24442285299301147,0.28403812646865845
catatumbo,catatumbo_b0016,2010,Norte de Santander,2022-04-26,audiencia_reconocimiento,0.30914199352264404,0.3558421730995178
catatumbo,catatumbo_b0017,2004,Norte de Santander,2022-04-26,audiencia_reconocimiento,0.19854390621185303,0.22866570949554443
catatumbo,catatumbo_b0018,2002,Norte de Santander,2022-04-26,audiencia_reconocimiento,0.17473238706588745,0.20999443531036377
catatumbo,catatumbo_b0019,2007,Norte de Santander,2022-04-26,audiencia_reconocimiento,0.17602813243865967,0.21910488605499268
catatumbo,catatumbo_b0020,2002,Norte de Santander,2022-04-26,audiencia_reconocimiento,0.20100826025009155,0.2421981692314148
catatumbo,catatumbo_b0021,2000,Norte de Santander,2022-04-26,audiencia_reconocimiento,0.28254467248916626,0.3264119625091553
catatumbo,catatumbo_b0022,1999,Norte de Santander,2022-04-26,audiencia_reconocimiento,0.18090415000915527,0.21757620573043823
catatumbo,catatumbo_b0023,1999,Norte de Santander,2022-04-26,audiencia_reconocimiento,0.16628074645996094,0.22879040241241455
catatumbo,catatumbo_b0024,1999,Norte de Santander,2022-04-26,audiencia_reconocimiento,0.17913269996643066,0.2275627851486206
catatumbo,catatumbo_b0025,1999,Norte de Santander,2022-04-26,audiencia_reconocimiento,0.22607553005218506,0.2953341603279114
catatumbo,catatumbo_b0026,2000,Norte de Santander,2022-04-26,audiencia_reconocimiento,0.18573611974716187,0.25486046075820923
catatumbo,catatumbo_b0027,2002,Norte de Santander,2022-04-26,audiencia_reconocimiento,0.14093291759490967,0.21296948194503784
catatumbo,catatumbo_b0028,1999,Norte de Santander,2022-04-26,audiencia_reconocimiento,0.1746612787246704,0.24131619930267334
catatumbo,catatumbo_b0029,2005,Norte de Santander,2022-04-26,audiencia_reconocimiento,0.18582653999328613,0.274803102016449
catatumbo,catatumbo_b0030,2008,Norte de Santander,2022-04-26,audiencia_reconocimiento,0.12637048959732056,0.20625996589660645
catatumbo,catatumbo_b0031,2004,Norte de Santander,2022-04-26,audiencia_reconocimiento,0.21941888332366943,0.2860659956932068
catatumbo,catatumbo_b0032,2001,Norte de Santander,2022-04-26,audiencia_reconocimiento,0.18563032150268555,0.25437647104263306
catatumbo,catatumbo_b0033,2000,Norte de Santander,2022-04-26,audiencia_reconocimiento,0.2065001130104065,0.3010905981063843
catatumbo,catatumbo_b0034,2005,Norte de Santander,2022-04-26,audiencia_reconocimiento,0.21282440423965454,0.2896750569343567
catatumbo,catatumbo_b0035,2006,Norte de Santander,2022-04-26,audiencia_reconocimiento,0.17586958408355713,0.2706688642501831
catatumbo,catatumbo_b0036,2002,Norte de Santander,2022-04-26,audiencia_reconocimiento,0.1600443720817566,0.24408763647079468
catatumbo,catatumbo_b0037,2003,Norte de Santander,2022-04-26,audiencia_reconocimiento,0.2269955277442932,0.2898103594779968
catatumbo,catatumbo_b0038,2000,Norte de Santander,2022-04-26,audiencia_reconocimiento,0.19620323181152344,0.28290534019470215
catatumbo,catatumbo_b0039,2003,Norte de Santander,2022-04-26,audiencia_reconocimiento,0.2017497420310974,0.2729073762893677
catatumbo,catatumbo_b0040,2000,Norte de Santander,2022-04-26,audiencia_reconocimiento,0.1987687349319458,0.2830641269683838
catatumbo,catatumbo_b0041,1999,Norte de Santander,2022-04-26,audiencia_reconocimiento,0.1533982753753662,0.21376562118530273
catatumbo,catatumbo_b0042,2006,Norte de Santander,2022-04-26,audiencia_reconocimiento,0.2184869647026062,0.28027498722076416
catatumbo,catatumbo_b0043,2002,Norte de Santander,2022-04-26,audiencia_reconocimiento,0.20099562406539917,0.2781815528869629
catatumbo,catatumbo_b0044,2003,Norte de Santander,2022-04-26,audiencia_reconocimiento,0.19013577699661255,0.2873629331588745
catatumbo,catatumbo_b0045,2001,Norte de Santander,2022-04-26,audiencia_reconocimiento,0.14522552490234375,0.2234361171722412
catatumbo,catatumbo_b0046,2001,Norte de Santander,2022-04-26,audiencia_reconocimiento,0.1654500961303711,0.2530614733695984
catatumbo,catatumbo_b0047,2000,Norte de Santander,2022-04-26,audiencia_reconocimiento,0.13803958892822266,0.2262069582939148
catatumbo,catatumbo_b0048,2001,Norte de Santander,2022-04-26,audiencia_reconocimiento,0.18392956256866455,0.2825343608856201
catatumbo,catatumbo_b0049,1999,Norte de Santander,2022-04-26,audiencia_reconocimiento,0.12996387481689453,0.21207869052886963
catatumbo,catatumbo_b0050,1999,Norte de Santander,2022-04-26,audiencia_reconocimiento,0.3118472099304199,0.35014814138412476
catatumbo,catatumbo_b0051,1999,Norte de Santander,2022-04-26,audiencia_reconocimiento,0.3118472099304199,0.35014814138412476
catatumbo,catatumbo_b0052,1999,Norte de Santander,2022-04-26,audiencia_reconocimiento,0.3118472099304199,0.35014814138412476
catatumbo,catatumbo_b0053,1999,Norte de Santander,2022-04-26,audiencia_reconocimiento,0.3118472099304199,0.35014814138412476
catatumbo,catatumbo_b0054,1999,Norte de Santander,2022-04-26,audiencia_reconocimiento,0.3118472099304199,0.35014814138412476
catatumbo,catatumbo_b0055,1999,Norte de Santander,2022-04-26,audiencia_reconocimiento,0.3118472099304199,0.35014814138412476
catatumbo,catatumbo_b0056,1999,Norte de Santander,2022-04-26,audiencia_reconocimiento,0.3118472099304199,0.35014814138412476
catatumbo,catatumbo_b0057,1147,Norte de Santander,2022-04-26,audiencia_reconocimiento,0.3118472099304199,0.35014814138412476
costa_caribe,costa_caribe_b0000,2000,Costa Caribe,2022-07-18,audiencia_reconocimiento,0.10869848728179932,0.20648062229156494
costa_caribe,costa_caribe_b0001,1999,Costa Caribe,2022-07-18,audiencia_reconocimiento,0.13218963146209717,0.2250427007675171
costa_caribe,costa_caribe_b0002,2002,Costa Caribe,2022-07-18,audiencia_reconocimiento,0.18545162677764893,0.27207255363464355
costa_caribe,costa_caribe_b0003,2005,Costa Caribe,2022-07-18,audiencia_reconocimiento,0.17627477645874023,0.27443182468414307
costa_caribe,costa_caribe_b0004,2000,Costa Caribe,2022-07-18,audiencia_reconocimiento,0.17606812715530396,0.2547494173049927
costa_caribe,costa_caribe_b0005,2005,Costa Caribe,2022-07-18,audiencia_reconocimiento,0.16739803552627563,0.2468489408493042
costa_caribe,costa_caribe_b0006,2000,Costa Caribe,2022-07-18,audiencia_reconocimiento,0.1636066436767578,0.26121068000793457
costa_caribe,costa_caribe_b0007,2004,Costa Caribe,2022-07-18,audiencia_reconocimiento,0.22781580686569214,0.2611979842185974
costa_caribe,costa_caribe_b0008,1999,Costa Caribe,2022-07-18,audiencia_reconocimiento,0.22635221481323242,0.25101834535598755
costa_caribe,costa_caribe_b0009,2009,Costa Caribe,2022-07-18,audiencia_reconocimiento,0.1637004017829895,0.19105112552642822
costa_caribe,costa_caribe_b0010,2008,Costa Caribe,2022-07-18,audiencia_reconocimiento,0.10734498500823975,0.1486606001853943
costa_caribe,costa_caribe_b0011,2000,Costa Caribe,2022-07-18,audiencia_reconocimiento,0.0961046814918518,0.14450353384017944
costa_caribe,costa_caribe_b0012,1999,Costa Caribe,2022-07-18,audiencia_reconocimiento,0.21250289678573608,0.26066678762435913
costa_caribe,costa_caribe_b0013,2004,Costa Caribe,2022-07-18,audiencia_reconocimiento,0.17502468824386597,0.2280758023262024
costa_caribe,costa_caribe_b0014,2006,Costa Caribe,2022-07-18,audiencia_reconocimiento,0.23869502544403076,0.28936541080474854
costa_caribe,costa_caribe_b0015,2004,Costa Caribe,2022-07-18,audiencia_reconocimiento,0.19377034902572632,0.24109721183776855
costa_caribe,costa_caribe_b0016,2007,Costa Caribe,2022-07-18,audiencia_reconocimiento,0.20277702808380127,0.24150031805038452
costa_caribe,costa_caribe_b0017,2000,Costa Caribe,2022-07-18,audiencia_reconocimiento,0.19980448484420776,0.2392595410346985
costa_caribe,costa_caribe_b0018,2003,Costa Caribe,2022-07-18,audiencia_reconocimiento,0.16058963537216187,0.2197657823562622
costa_caribe,costa_caribe_b0019,2010,Costa Caribe,2022-07-18,audiencia_reconocimiento,0.2124130129814148,0.25710242986679077
costa_caribe,costa_caribe_b0020,2000,Costa Caribe,2022-07-18,audiencia_reconocimiento,0.17419707775115967,0.24022316932678223
costa_caribe,costa_caribe_b0021,2000,Costa Caribe,2022-07-18,audiencia_reconocimiento,0.21940994262695312,0.28838688135147095
costa_caribe,costa_caribe_b0022,2003,Costa Caribe,2022-07-18,audiencia_reconocimiento,0.18255555629730225,0.2726539969444275
costa_caribe,costa_caribe_b0023,2000,Costa Caribe,2022-07-18,audiencia_reconocimiento,0.18581902980804443,0.26029670238494873
costa_caribe,costa_caribe_b0024,2008,Costa Caribe,2022-07-18,audiencia_reconocimiento,0.18171995878219604,0.2649877071380615
costa_caribe,costa_caribe_b0025,2004,Costa Caribe,2022-07-18,audiencia_reconocimiento,0.20530760288238525,0.26726633310317993
costa_caribe,costa_caribe_b0026,2008,Costa Caribe,2022-07-18,audiencia_reconocimiento,0.20912563800811768,0.2748919725418091
costa_caribe,costa_caribe_b0027,2002,Costa Caribe,2022-07-18,audiencia_reconocimiento,0.2081049084663391,0.2655916213989258
costa_caribe,costa_caribe_b0028,2002,Costa Caribe,2022-07-18,audiencia_reconocimiento,0.22422313690185547,0.2890700101852417
costa_caribe,costa_caribe_b0029,2003,Costa Caribe,2022-07-18,audiencia_reconocimiento,0.19494515657424927,0.2865161895751953
costa_caribe,costa_caribe_b0030,2001,Costa Caribe,2022-07-18,audiencia_reconocimiento,0.18143635988235474,0.23613715171813965
costa_caribe,costa_caribe_b0031,2002,Costa Caribe,2022-07-18,audiencia_reconocimiento,0.22500449419021606,0.29808229207992554
costa_caribe,costa_caribe_b0032,2001,Costa Caribe,2022-07-18,audiencia_reconocimiento,0.1966812014579773,0.2637788653373718
costa_caribe,costa_caribe_b0033,2004,Costa Caribe,2022-07-18,audiencia_reconocimiento,0.1757177710533142,0.23116207122802734
costa_caribe,costa_caribe_b0034,2001,Costa Caribe,2022-07-18,audiencia_reconocimiento,0.16639727354049683,0.22122639417648315
costa_caribe,costa_caribe_b0035,2000,Costa Caribe,2022-07-18,audiencia_reconocimiento,0.20258450508117676,0.2712693214416504
costa_caribe,costa_caribe_b0036,2004,Costa Caribe,2022-07-18,audiencia_reconocimiento,0.2589711546897888,0.30082231760025024
costa_caribe,costa_caribe_b0037,2000,Costa Caribe,2022-07-18,audiencia_reconocimiento,0.17995011806488037,0.24454355239868164
costa_caribe,costa_caribe_b0038,2009,Costa Caribe,2022-07-18,audiencia_reconocimiento,0.22175991535186768,0.28562963008880615
costa_caribe,costa_caribe_b0039,2000,Costa Caribe,2022-07-18,audiencia_reconocimiento,0.1545344591140747,0.21487188339233398
costa_caribe,costa_caribe_b0040,2005,Costa Caribe,2022-07-18,audiencia_reconocimiento,0.22530871629714966,0.2864362597465515
costa_caribe,costa_caribe_b0041,2000,Costa Caribe,2022-07-18,audiencia_reconocimiento,0.2132124900817871,0.3049890398979187
costa_caribe,costa_caribe_b0042,2002,Costa Caribe,2022-07-18,audiencia_reconocimiento,0.18270444869995117,0.2786750793457031
costa_caribe,costa_caribe_b0043,1999,Costa Caribe,2022-07-18,audiencia_reconocimiento,0.11710220575332642,0.21779084205627441
costa_caribe,costa_caribe_b0044,2000,Costa Caribe,2022-07-18,audiencia_reconocimiento,0.2334383726119995,0.30714017152786255
costa_caribe,costa_caribe_b0045,1999,Costa Caribe,2022-07-18,audiencia_reconocimiento,0.17922061681747437,0.2584039568901062
costa_caribe,costa_caribe_b0046,2005,Costa Caribe,2022-07-18,audiencia_reconocimiento,0.21311140060424805,0.2904379367828369
costa_caribe,costa_caribe_b0047,2000,Costa Caribe,2022-07-18,audiencia_reconocimiento,0.17515277862548828,0.26936525106430054
costa_caribe,costa_caribe_b0048,1999,Costa Caribe,2022-07-18,audiencia_reconocimiento,0.17939400672912598,0.27003127336502075
costa_caribe,costa_caribe_b0049,2000,Costa Caribe,2022-07-18,audiencia_reconocimiento,0.19765925407409668,0.2870035171508789
costa_caribe,costa_caribe_b0050,2001,Costa Caribe,2022-07-18,audiencia_reconocimiento,0.17121058702468872,0.24703216552734375
costa_caribe,costa_caribe_b0051,1999,Costa Caribe,2022-07-18,audiencia_reconocimiento,0.18647533655166626,0.2731691598892212
costa_caribe,costa_caribe_b0052,2002,Costa Caribe,2022-07-18,audiencia_reconocimiento,0.15999698638916016,0.23715192079544067
costa_caribe,costa_caribe_b0053,2006,Costa Caribe,2022-07-18,audiencia_reconocimiento,0.18613630533218384,0.2321755290031433
costa_caribe,costa_caribe_b0054,2000,Costa Caribe,2022-07-18,audiencia_reconocimiento,0.17362558841705322,0.2595582604408264
costa_caribe,costa_caribe_b0055,2000,Costa Caribe,2022-07-18,audiencia_reconocimiento,0.18212711811065674,0.2693716883659363
costa_caribe,costa_caribe_b0056,2005,Costa Caribe,2022-07-18,audiencia_reconocimiento,0.22732573747634888,0.29780149459838867
costa_caribe,costa_caribe_b0057,2004,Costa Caribe,2022-07-18,audiencia_reconocimiento,0.12841588258743286,0.20754647254943848
costa_caribe,costa_caribe_b0058,1999,Costa Caribe,2022-07-18,audiencia_reconocimiento,0.16761434078216553,0.2380005121231079
costa_caribe,costa_caribe_b0059,1999,Costa Caribe,2022-07-18,audiencia_reconocimiento,0.2038925290107727,0.27425676584243774
costa_caribe,costa_caribe_b0060,2006,Costa Caribe,2022-07-18,audiencia_reconocimiento,0.19554728269577026,0.28691357374191284
costa_caribe,costa_caribe_b0061,2002,Costa Caribe,2022-07-18,audiencia_reconocimiento,0.16333633661270142,0.2242688536643982
costa_caribe,costa_caribe_b0062,1999,Costa Caribe,2022-07-18,audiencia_reconocimiento,0.18537276983261108,0.27445220947265625
costa_caribe,costa_caribe_b0063,2001,Costa Caribe,2022-07-18,audiencia_reconocimiento,0.19627243280410767,0.2257624864578247
costa_caribe,costa_caribe_b0064,2005,Costa Caribe,2022-07-18,audiencia_reconocimiento,0.21060574054718018,0.24689102172851562
costa_caribe,costa_caribe_b0065,2009,Costa Caribe,2022-07-18,audiencia_reconocimiento,0.15674936771392822,0.22099798917770386
costa_caribe,costa_caribe_b0066,2001,Costa Caribe,2022-07-18,audiencia_reconocimiento,0.1916484832763672,0.28608155250549316
costa_caribe,costa_caribe_b0067,2000,Costa Caribe,2022-07-18,audiencia_reconocimiento,0.20201528072357178,0.2449737787246704
costa_caribe,costa_caribe_b0068,2007,Costa Caribe,2022-07-18,audiencia_reconocimiento,0.20215445756912231,0.2698495388031006
costa_caribe,costa_caribe_b0069,1999,Costa Caribe,2022-07-18,audiencia_reconocimiento,0.17400705814361572,0.25005847215652466
costa_caribe,costa_caribe_b0070,2005,Costa Caribe,2022-07-18,audiencia_reconocimiento,0.18142277002334595,0.2634185552597046
costa_caribe,costa_caribe_b0071,2001,Costa Caribe,2022-07-18,audiencia_reconocimiento,0.19343829154968262,0.2677961587905884
costa_caribe,costa_caribe_b0072,2005,Costa Caribe,2022-07-18,audiencia_reconocimiento,0.16109949350357056,0.2627389430999756
costa_caribe,costa_caribe_b0073,2009,Costa Caribe,2022-07-18,audiencia_reconocimiento,0.17501312494277954,0.2693501114845276
costa_caribe,costa_caribe_b0074,2006,Costa Caribe,2022-07-18,audiencia_reconocimiento,0.16912472248077393,0.19362986087799072
costa_caribe,costa_caribe_b0075,2000,Costa Caribe,2022-07-18,audiencia_reconocimiento,0.10735678672790527,0.1944887638092041
costa_caribe,costa_caribe_b0076,1999,Costa Caribe,2022-07-18,audiencia_reconocimiento,0.1989305019378662,0.2671051025390625
costa_caribe,costa_caribe_b0077,2002,Costa Caribe,2022-07-18,audiencia_reconocimiento,0.18485546112060547,0.2716713547706604
costa_caribe,costa_caribe_b0078,2000,Costa Caribe,2022-07-18,audiencia_reconocimiento,0.15124660730361938,0.22568130493164062
costa_caribe,costa_caribe_b0079,1999,Costa Caribe,2022-07-18,audiencia_reconocimiento,0.11680227518081665,0.2067013382911682
costa_caribe,costa_caribe_b0080,2005,Costa Caribe,2022-07-18,audiencia_reconocimiento,0.1561293601989746,0.21740132570266724
costa_caribe,costa_caribe_b0081,2001,Costa Caribe,2022-07-18,audiencia_reconocimiento,0.27484744787216187,0.282753050327301
costa_caribe,costa_caribe_b0082,1999,Costa Caribe,2022-07-18,audiencia_reconocimiento,0.1848512887954712,0.23894625902175903
costa_caribe,costa_caribe_b0083,2008,Costa Caribe,2022-07-18,audiencia_reconocimiento,0.18962723016738892,0.25392961502075195
costa_caribe,costa_caribe_b0084,2003,Costa Caribe,2022-07-18,audiencia_reconocimiento,0.18466418981552124,0.2492925524711609
costa_caribe,costa_caribe_b0085,2002,Costa Caribe,2022-07-18,audiencia_reconocimiento,0.2246200442314148,0.2692793011665344
costa_caribe,costa_caribe_b0086,1999,Costa Caribe,2022-07-18,audiencia_reconocimiento,0.27104175090789795,0.3225829601287842
costa_caribe,costa_caribe_b0087,2003,Costa Caribe,2022-07-18,audiencia_reconocimiento,0.20919179916381836,0.287475049495697
costa_caribe,costa_caribe_b0088,2003,Costa Caribe,2022-07-18,audiencia_reconocimiento,0.17598694562911987,0.2661736011505127
costa_caribe,costa_caribe_b0089,2009,Costa Caribe,2022-07-18,audiencia_reconocimiento,0.1964399814605713,0.28439366817474365
costa_caribe,costa_caribe_b0090,1999,Costa Caribe,2022-07-18,audiencia_reconocimiento,0.1807880401611328,0.23741823434829712
costa_caribe,costa_caribe_b0091,2001,Costa Caribe,2022-07-18,audiencia_reconocimiento,0.16660785675048828,0.24420636892318726
costa_caribe,costa_caribe_b0092,2005,Costa Caribe,2022-07-18,audiencia_reconocimiento,0.20209431648254395,0.26072853803634644
costa_caribe,costa_caribe_b0093,2000,Costa Caribe,2022-07-18,audiencia_reconocimiento,0.18339550495147705,0.27898353338241577
costa_caribe,costa_caribe_b0094,2005,Costa Caribe,2022-07-18,audiencia_reconocimiento,0.151233971118927,0.21964722871780396
costa_caribe,costa_caribe_b0095,2002,Costa Caribe,2022-07-18,audiencia_reconocimiento,0.18120700120925903,0.26571083068847656
costa_caribe,costa_caribe_b0096,2003,Costa Caribe,2022-07-18,audiencia_reconocimiento,0.19583779573440552,0.26852160692214966
costa_caribe,costa_caribe_b0097,2003,Costa Caribe,2022-07-18,audiencia_reconocimiento,0.19267410039901733,0.2709636688232422
costa_caribe,costa_caribe_b0098,2004,Costa Caribe,2022-07-18,audiencia_reconocimiento,0.184698224067688,0.27527016401290894
costa_caribe,costa_caribe_b0099,2004,Costa Caribe,2022-07-18,audiencia_reconocimiento,0.18497473001480103,0.2767758369445801
costa_caribe,costa_caribe_b0100,2002,Costa Caribe,2022-07-18,audiencia_reconocimiento,0.22173970937728882,0.30414247512817383
costa_caribe,costa_caribe_b0101,2004,Costa Caribe,2022-07-18,audiencia_reconocimiento,0.15574783086776733,0.25269919633865356
costa_caribe,costa_caribe_b0102,2006,Costa Caribe,2022-07-18,audiencia_reconocimiento,0.21285593509674072,0.2828288674354553
costa_caribe,costa_caribe_b0103,2000,Costa Caribe,2022-07-18,audiencia_reconocimiento,0.2138727903366089,0.2981582283973694
costa_caribe,costa_caribe_b0104,2001,Costa Caribe,2022-07-18,audiencia_reconocimiento,0.1807183027267456,0.2632678747177124
costa_caribe,costa_caribe_b0105,1999,Costa Caribe,2022-07-18,audiencia_reconocimiento,0.18043780326843262,0.2161329984664917
costa_caribe,costa_caribe_b0106,2001,Costa Caribe,2022-07-18,audiencia_reconocimiento,0.18009936809539795,0.2496357560157776
costa_caribe,costa_caribe_b0107,2003,Costa Caribe,2022-07-18,audiencia_reconocimiento,0.2852016091346741,0.29587656259536743
costa_caribe,costa_caribe_b0108,2001,Costa Caribe,2022-07-18,audiencia_reconocimiento,0.19220185279846191,0.24230313301086426
costa_caribe,costa_caribe_b0109,2005,Costa Caribe,2022-07-18,audiencia_reconocimiento,0.19160759449005127,0.2592166066169739
costa_caribe,costa_caribe_b0110,2003,Costa Caribe,2022-07-18,audiencia_reconocimiento,0.20682960748672485,0.2646045684814453
costa_caribe,costa_caribe_b0111,2000,Costa Caribe,2022-07-18,audiencia_reconocimiento,0.2054937481880188,0.2650081515312195
costa_caribe,costa_caribe_b0112,2004,Costa Caribe,2022-07-18,audiencia_reconocimiento,0.18879681825637817,0.27193397283554077
costa_caribe,costa_caribe_b0113,1999,Costa Caribe,2022-07-18,audiencia_reconocimiento,0.18675148487091064,0.2644883990287781
costa_caribe,costa_caribe_b0114,1999,Costa Caribe,2022-07-18,audiencia_reconocimiento,0.19553077220916748,0.28267765045166016
costa_caribe,costa_caribe_b0115,2008,Costa Caribe,2022-07-18,audiencia_reconocimiento,0.22447144985198975,0.3112295866012573
costa_caribe,costa_caribe_b0116,1999,Costa Caribe,2022-07-18,audiencia_reconocimiento,0.1637495756149292,0.2278217077255249
costa_caribe,costa_caribe_b0117,1999,Costa Caribe,2022-07-18,audiencia_reconocimiento,0.20779573917388916,0.2593343257904053
costa_caribe,costa_caribe_b0118,2000,Costa Caribe,2022-07-18,audiencia_reconocimiento,0.18771463632583618,0.2835037112236023
costa_caribe,costa_caribe_b0119,2001,Costa Caribe,2022-07-18,audiencia_reconocimiento,0.18613123893737793,0.23865342140197754
costa_caribe,costa_caribe_b0120,2000,Costa Caribe,2022-07-18,audiencia_reconocimiento,0.1836720108985901,0.2722715139389038
costa_caribe,costa_caribe_b0121,2000,Costa Caribe,2022-07-18,audiencia_reconocimiento,0.3034355640411377,0.3650297522544861
costa_caribe,costa_caribe_b0122,2004,Costa Caribe,2022-07-18,audiencia_reconocimiento,0.19755160808563232,0.29083478450775146
costa_caribe,costa_caribe_b0123,2006,Costa Caribe,2022-07-18,audiencia_reconocimiento,0.17135369777679443,0.264629602432251
costa_caribe,costa_caribe_b0124,1999,Costa Caribe,2022-07-18,audiencia_reconocimiento,0.19369971752166748,0.2792562246322632
costa_caribe,costa_caribe_b0125,1999,Costa Caribe,2022-07-18,audiencia_reconocimiento,0.24912399053573608,0.3153586983680725
costa_caribe,costa_caribe_b0126,2001,Costa Caribe,2022-07-18,audiencia_reconocimiento,0.1962360143661499,0.27784019708633423
costa_caribe,costa_caribe_b0127,523,Costa Caribe,2022-07-18,audiencia_reconocimiento,0.1792880892753601,0.28055626153945923
casanare_torres,casanare_torres_b0000,2000,Casanare,2020-02-06,version_voluntaria,0.21477729082107544,0.27294427156448364
casanare_torres,casanare_torres_b0001,2015,Casanare,2020-02-06,version_voluntaria,0.1688956618309021,0.2364366054534912
casanare_torres,casanare_torres_b0002,1999,Casanare,2020-02-06,version_voluntaria,0.18230092525482178,0.21530365943908691
casanare_torres,casanare_torres_b0003,2000,Casanare,2020-02-06,version_voluntaria,0.1727040410041809,0.24434518814086914
casanare_torres,casanare_torres_b0004,2001,Casanare,2020-02-06,version_voluntaria,0.22559362649917603,0.29183387756347656
casanare_torres,casanare_torres_b0005,2003,Casanare,2020-02-06,version_voluntaria,0.17479699850082397,0.2594125270843506
casanare_torres,casanare_torres_b0006,2000,Casanare,2020-02-06,version_voluntaria,0.18962138891220093,0.2570035457611084
casanare_torres,casanare_torres_b0007,2006,Casanare,2020-02-06,version_voluntaria,0.14550739526748657,0.20260918140411377
casanare_torres,casanare_torres_b0008,2007,Casanare,2020-02-06,version_voluntaria,0.19203507900238037,0.258861780166626
casanare_torres,casanare_torres_b0009,1999,Casanare,2020-02-06,version_voluntaria,0.1721476912498474,0.2684531807899475
casanare_torres,casanare_torres_b0010,2004,Casanare,2020-02-06,version_voluntaria,0.1874161958694458,0.27135032415390015
casanare_torres,casanare_torres_b0011,2003,Casanare,2020-02-06,version_voluntaria,0.18048059940338135,0.2671295404434204
casanare_torres,casanare_torres_b0012,2002,Casanare,2020-02-06,version_voluntaria,0.19630014896392822,0.2869778275489807
casanare_torres,casanare_torres_b0013,2000,Casanare,2020-02-06,version_voluntaria,0.20898103713989258,0.28292518854141235
casanare_torres,casanare_torres_b0014,2002,Casanare,2020-02-06,version_voluntaria,0.21804273128509521,0.2962017059326172
casanare_torres,casanare_torres_b0015,2003,Casanare,2020-02-06,version_voluntaria,0.17284101247787476,0.2593528628349304
casanare_torres,casanare_torres_b0016,2001,Casanare,2020-02-06,version_voluntaria,0.1775195598602295,0.2488955855369568
casanare_torres,casanare_torres_b0017,2002,Casanare,2020-02-06,version_voluntaria,0.16784000396728516,0.24941235780715942
casanare_torres,casanare_torres_b0018,1999,Casanare,2020-02-06,version_voluntaria,0.20338547229766846,0.2724496126174927
casanare_torres,casanare_torres_b0019,2001,Casanare,2020-02-06,version_voluntaria,0.2086358666419983,0.29784876108169556
casanare_torres,casanare_torres_b0020,2004,Casanare,2020-02-06,version_voluntaria,0.16343796253204346,0.2241939902305603
casanare_torres,casanare_torres_b0021,2000,Casanare,2020-02-06,version_voluntaria,0.19789063930511475,0.2543802857398987
casanare_torres,casanare_torres_b0022,1999,Casanare,2020-02-06,version_voluntaria,0.17004531621932983,0.24448812007904053
casanare_torres,casanare_torres_b0023,2006,Casanare,2020-02-06,version_voluntaria,0.1669977903366089,0.2301986813545227
casanare_torres,casanare_torres_b0024,2003,Casanare,2020-02-06,version_voluntaria,0.24684882164001465,0.29794466495513916
casanare_torres,casanare_torres_b0025,1999,Casanare,2020-02-06,version_voluntaria,0.18571746349334717,0.24207431077957153
casanare_torres,casanare_torres_b0026,2008,Casanare,2020-02-06,version_voluntaria,0.16960108280181885,0.2353978157043457
casanare_torres,casanare_torres_b0027,2005,Casanare,2020-02-06,version_voluntaria,0.183519184589386,0.24913406372070312
casanare_torres,casanare_torres_b0028,1999,Casanare,2020-02-06,version_voluntaria,0.18464255332946777,0.24436235427856445
casanare_torres,casanare_torres_b0029,2001,Casanare,2020-02-06,version_voluntaria,0.1645965576171875,0.2437359094619751
casanare_torres,casanare_torres_b0030,2002,Casanare,2020-02-06,version_voluntaria,0.19378405809402466,0.28420668840408325
casanare_torres,casanare_torres_b0031,1999,Casanare,2020-02-06,version_voluntaria,0.189983069896698,0.26486700773239136
casanare_torres,casanare_torres_b0032,2003,Casanare,2020-02-06,version_voluntaria,0.18974101543426514,0.2700679898262024
casanare_torres,casanare_torres_b0033,2000,Casanare,2020-02-06,version_voluntaria,0.20534288883209229,0.28275567293167114
casanare_torres,casanare_torres_b0034,2004,Casanare,2020-02-06,version_voluntaria,0.20095986127853394,0.27717161178588867
casanare_torres,casanare_torres_b0035,1999,Casanare,2020-02-06,version_voluntaria,0.20166796445846558,0.2826111912727356
casanare_torres,casanare_torres_b0036,2004,Casanare,2020-02-06,version_voluntaria,0.19604462385177612,0.28939634561538696
casanare_torres,casanare_torres_b0037,2001,Casanare,2020-02-06,version_voluntaria,0.19336891174316406,0.2727544903755188
casanare_torres,casanare_torres_b0038,1999,Casanare,2020-02-06,version_voluntaria,0.18460071086883545,0.2613496780395508
casanare_torres,casanare_torres_b0039,1999,Casanare,2020-02-06,version_voluntaria,0.20776861906051636,0.28667473793029785
casanare_torres,casanare_torres_b0040,2000,Casanare,2020-02-06,version_voluntaria,0.21509110927581787,0.2600312829017639
casanare_torres,casanare_torres_b0041,2007,Casanare,2020-02-06,version_voluntaria,0.17281454801559448,0.23929792642593384
casanare_torres,casanare_torres_b0042,2000,Casanare,2020-02-06,version_voluntaria,0.19242149591445923,0.25224632024765015
casanare_torres,casanare_torres_b0043,2009,Casanare,2020-02-06,version_voluntaria,0.20095932483673096,0.2549639940261841
casanare_torres,casanare_torres_b0044,2004,Casanare,2020-02-06,version_voluntaria,0.13931643962860107,0.1975894570350647
casanare_torres,casanare_torres_b0045,2009,Casanare,2020-02-06,version_voluntaria,0.21809792518615723,0.2840331196784973
casanare_torres,casanare_torres_b0046,2001,Casanare,2020-02-06,version_voluntaria,0.23835593461990356,0.29865318536758423
casanare_torres,casanare_torres_b0047,2014,Casanare,2020-02-06,version_voluntaria,0.15535318851470947,0.21982961893081665
casanare_torres,casanare_torres_b0048,2002,Casanare,2020-02-06,version_voluntaria,0.1938532590866089,0.2669995427131653
casanare_torres,casanare_torres_b0049,2000,Casanare,2020-02-06,version_voluntaria,0.16794562339782715,0.23566418886184692
casanare_torres,casanare_torres_b0050,1999,Casanare,2020-02-06,version_voluntaria,0.16781991720199585,0.2358853816986084
casanare_torres,casanare_torres_b0051,2004,Casanare,2020-02-06,version_voluntaria,0.2131323218345642,0.263036847114563
casanare_torres,casanare_torres_b0052,1999,Casanare,2020-02-06,version_voluntaria,0.18926626443862915,0.2330194115638733
casanare_torres,casanare_torres_b0053,2000,Casanare,2020-02-06,version_voluntaria,0.21865469217300415,0.2889264225959778
casanare_torres,casanare_torres_b0054,2000,Casanare,2020-02-06,version_voluntaria,0.19016766548156738,0.2592313885688782
casanare_torres,casanare_torres_b0055,2007,Casanare,2020-02-06,version_voluntaria,0.20468801259994507,0.2809925675392151
casanare_torres,casanare_torres_b0056,2001,Casanare,2020-02-06,version_voluntaria,0.1822504997253418,0.25353074073791504
casanare_torres,casanare_torres_b0057,2010,Casanare,2020-02-06,version_voluntaria,0.18672657012939453,0.2584330439567566
casanare_torres,casanare_torres_b0058,2006,Casanare,2020-02-06,version_voluntaria,0.19356364011764526,0.26377201080322266
casanare_torres,casanare_torres_b0059,1999,Casanare,2020-02-06,version_voluntaria,0.19911885261535645,0.2726888060569763
casanare_torres,casanare_torres_b0060,2003,Casanare,2020-02-06,version_voluntaria,0.18189877271652222,0.25330835580825806
casanare_torres,casanare_torres_b0061,2001,Casanare,2020-02-06,version_voluntaria,0.20354610681533813,0.26526081562042236
casanare_torres,casanare_torres_b0062,2001,Casanare,2020-02-06,version_voluntaria,0.20657211542129517,0.27391284704208374
casanare_torres,casanare_torres_b0063,2001,Casanare,2020-02-06,version_voluntaria,0.18215590715408325,0.2657669186592102
casanare_torres,casanare_torres_b0064,2004,Casanare,2020-02-06,version_voluntaria,0.20076370239257812,0.2619972229003906
casanare_torres,casanare_torres_b0065,2002,Casanare,2020-02-06,version_voluntaria,0.2116103172302246,0.27583980560302734
casanare_torres,casanare_torres_b0066,2002,Casanare,2020-02-06,version_voluntaria,0.21085602045059204,0.28325337171554565
casanare_torres,casanare_torres_b0067,2002,Casanare,2020-02-06,version_voluntaria,0.1883387565612793,0.2547597885131836
casanare_torres,casanare_torres_b0068,2000,Casanare,2020-02-06,version_voluntaria,0.18901962041854858,0.2765706181526184
casanare_torres,casanare_torres_b0069,2000,Casanare,2020-02-06,version_voluntaria,0.1872442364692688,0.26233887672424316
casanare_torres,casanare_torres_b0070,2001,Casanare,2020-02-06,version_voluntaria,0.19168323278427124,0.25319743156433105
casanare_torres,casanare_torres_b0071,2002,Casanare,2020-02-06,version_voluntaria,0.16586816310882568,0.26781296730041504
casanare_torres,casanare_torres_b0072,2000,Casanare,2020-02-06,version_voluntaria,0.26038235425949097,0.32738155126571655
casanare_torres,casanare_torres_b0073,2005,Casanare,2020-02-06,version_voluntaria,0.19859862327575684,0.2668225169181824
casanare_torres,casanare_torres_b0074,2001,Casanare,2020-02-06,version_voluntaria,0.21818459033966064,0.2773045301437378
casanare_torres,casanare_torres_b0075,2000,Casanare,2020-02-06,version_voluntaria,0.1988365650177002,0.2667950987815857
casanare_torres,casanare_torres_b0076,2002,Casanare,2020-02-06,version_voluntaria,0.2018333077430725,0.27222901582717896
casanare_torres,casanare_torres_b0077,2001,Casanare,2020-02-06,version_voluntaria,0.22748500108718872,0.28930240869522095
casanare_torres,casanare_torres_b0078,1999,Casanare,2020-02-06,version_voluntaria,0.2642964720726013,0.32616472244262695
casanare_torres,casanare_torres_b0079,2001,Casanare,2020-02-06,version_voluntaria,0.18302637338638306,0.25287479162216187
casanare_torres,casanare_torres_b0080,2002,Casanare,2020-02-06,version_voluntaria,0.1572778820991516,0.23408114910125732
casanare_torres,casanare_torres_b0081,2003,Casanare,2020-02-06,version_voluntaria,0.2007424235343933,0.26577281951904297
casanare_torres,casanare_torres_b0082,2007,Casanare,2020-02-06,version_voluntaria,0.1786048412322998,0.2515416145324707
casanare_torres,casanare_torres_b0083,2005,Casanare,2020-02-06,version_voluntaria,0.2225615382194519,0.3017130494117737
casanare_torres,casanare_torres_b0084,2005,Casanare,2020-02-06,version_voluntaria,0.20885640382766724,0.27893680334091187
casanare_torres,casanare_torres_b0085,1999,Casanare,2020-02-06,version_voluntaria,0.18696200847625732,0.2575833201408386
casanare_torres,casanare_torres_b0086,2004,Casanare,2020-02-06,version_voluntaria,0.17389488220214844,0.24420112371444702
casanare_torres,casanare_torres_b0087,2001,Casanare,2020-02-06,version_voluntaria,0.18129730224609375,0.24723470211029053
casanare_torres,casanare_torres_b0088,2001,Casanare,2020-02-06,version_voluntaria,0.20837271213531494,0.2831348776817322
casanare_torres,casanare_torres_b0089,2004,Casanare,2020-02-06,version_voluntaria,0.18572068214416504,0.26959002017974854
casanare_torres,casanare_torres_b0090,2002,Casanare,2020-02-06,version_voluntaria,0.17856156826019287,0.24876666069030762
casanare_torres,casanare_torres_b0091,2000,Casanare,2020-02-06,version_voluntaria,0.19917112588882446,0.2686905264854431
casanare_torres,casanare_torres_b0092,1999,Casanare,2020-02-06,version_voluntaria,0.17989909648895264,0.2607065439224243
casanare_torres,casanare_torres_b0093,2000,Casanare,2020-02-06,version_voluntaria,0.18034809827804565,0.2621369957923889
casanare_torres,casanare_torres_b0094,2005,Casanare,2020-02-06,version_voluntaria,0.19991612434387207,0.2634437084197998
casanare_torres,casanare_torres_b0095,2000,Casanare,2020-02-06,version_voluntaria,0.1756238341331482,0.2621728181838989
casanare_torres,casanare_torres_b0096,2002,Casanare,2020-02-06,version_voluntaria,0.17996948957443237,0.2719951272010803
casanare_torres,casanare_torres_b0097,2007,Casanare,2020-02-06,version_voluntaria,0.21418976783752441,0.2842111587524414
casanare_torres,casanare_torres_b0098,2003,Casanare,2020-02-06,version_voluntaria,0.2177448272705078,0.26822441816329956
casanare_torres,casanare_torres_b0099,2002,Casanare,2020-02-06,version_voluntaria,0.19279605150222778,0.2666422724723816
casanare_torres,casanare_torres_b0100,2004,Casanare,2020-02-06,version_voluntaria,0.22660285234451294,0.2916260361671448
casanare_torres,casanare_torres_b0101,2001,Casanare,2020-02-06,version_voluntaria,0.1888490915298462,0.26972728967666626
casanare_torres,casanare_torres_b0102,2005,Casanare,2020-02-06,version_voluntaria,0.20869731903076172,0.27826160192489624
casanare_torres,casanare_torres_b0103,2003,Casanare,2020-02-06,version_voluntaria,0.17087972164154053,0.23017364740371704
casanare_torres,casanare_torres_b0104,2001,Casanare,2020-02-06,version_voluntaria,0.2037649154663086,0.2550196051597595
casanare_torres,casanare_torres_b0105,2004,Casanare,2020-02-06,version_voluntaria,0.22384107112884521,0.28887927532196045
casanare_torres,casanare_torres_b0106,2002,Casanare,2020-02-06,version_voluntaria,0.19417089223861694,0.2633991837501526
casanare_torres,casanare_torres_b0107,2001,Casanare,2020-02-06,version_voluntaria,0.19030678272247314,0.26585185527801514
casanare_torres,casanare_torres_b0108,2001,Casanare,2020-02-06,version_voluntaria,0.1637122631072998,0.23864483833312988
casanare_torres,casanare_torres_b0109,2001,Casanare,2020-02-06,version_voluntaria,0.21333330869674683,0.289656400680542
casanare_torres,casanare_torres_b0110,1999,Casanare,2020-02-06,version_voluntaria,0.19130980968475342,0.2742270827293396
casanare_torres,casanare_torres_b0111,2001,Casanare,2020-02-06,version_voluntaria,0.1994701623916626,0.28387945890426636
casanare_torres,casanare_torres_b0112,2001,Casanare,2020-02-06,version_voluntaria,0.22206252813339233,0.28756654262542725
casanare_torres,casanare_torres_b0113,1999,Casanare,2020-02-06,version_voluntaria,0.161240816116333,0.24156659841537476
casanare_torres,casanare_torres_b0114,2001,Casanare,2020-02-06,version_voluntaria,0.1696529984474182,0.24520450830459595
casanare_torres,casanare_torres_b0115,2000,Casanare,2020-02-06,version_voluntaria,0.2058994174003601,0.2817762494087219
casanare_torres,casanare_torres_b0116,2001,Casanare,2020-02-06,version_voluntaria,0.20016241073608398,0.26133251190185547
casanare_torres,casanare_torres_b0117,2001,Casanare,2020-02-06,version_voluntaria,0.16145485639572144,0.23856514692306519
casanare_torres,casanare_torres_b0118,2001,Casanare,2020-02-06,version_voluntaria,0.23392945528030396,0.28888005018234253
casanare_torres,casanare_torres_b0119,2004,Casanare,2020-02-06,version_voluntaria,0.17095226049423218,0.2526465654373169
casanare_torres,casanare_torres_b0120,2001,Casanare,2020-02-06,version_voluntaria,0.17965221405029297,0.2644304037094116
casanare_torres,casanare_torres_b0121,2008,Casanare,2020-02-06,version_voluntaria,0.14179664850234985,0.19932520389556885
casanare_torres,casanare_torres_b0122,2000,Casanare,2020-02-06,version_voluntaria,0.1803499460220337,0.2635766267776489
casanare_torres,casanare_torres_b0123,1798,Casanare,2020-02-06,version_voluntaria,0.2326313853263855,0.31094396114349365
dabeiba_antioquia,dabeiba_antioquia_b0000,2004,Antioquia,2023-06-27,audiencia_reconocimiento,0.1931557059288025,0.27261924743652344
dabeiba_antioquia,dabeiba_antioquia_b0001,2005,Antioquia,2023-06-27,audiencia_reconocimiento,0.17297744750976562,0.2498885989189148
dabeiba_antioquia,dabeiba_antioquia_b0002,2002,Antioquia,2023-06-27,audiencia_reconocimiento,0.1767650842666626,0.2545533776283264
dabeiba_antioquia,dabeiba_antioquia_b0003,2000,Antioquia,2023-06-27,audiencia_reconocimiento,0.16903960704803467,0.25376826524734497
dabeiba_antioquia,dabeiba_antioquia_b0004,2000,Antioquia,2023-06-27,audiencia_reconocimiento,0.1354771852493286,0.20403653383255005
dabeiba_antioquia,dabeiba_antioquia_b0005,1999,Antioquia,2023-06-27,audiencia_reconocimiento,0.19892394542694092,0.2375066876411438
dabeiba_antioquia,dabeiba_antioquia_b0006,1999,Antioquia,2023-06-27,audiencia_reconocimiento,0.21348834037780762,0.2892388701438904
dabeiba_antioquia,dabeiba_antioquia_b0007,2000,Antioquia,2023-06-27,audiencia_reconocimiento,0.23212367296218872,0.3010692000389099
dabeiba_antioquia,dabeiba_antioquia_b0008,2008,Antioquia,2023-06-27,audiencia_reconocimiento,0.22715163230895996,0.29982155561447144
dabeiba_antioquia,dabeiba_antioquia_b0009,2001,Antioquia,2023-06-27,audiencia_reconocimiento,0.22431457042694092,0.3091695308685303
dabeiba_antioquia,dabeiba_antioquia_b0010,2008,Antioquia,2023-06-27,audiencia_reconocimiento,0.16114270687103271,0.22978860139846802
dabeiba_antioquia,dabeiba_antioquia_b0011,2001,Antioquia,2023-06-27,audiencia_reconocimiento,0.19248181581497192,0.26630961894989014
dabeiba_antioquia,dabeiba_antioquia_b0012,2005,Antioquia,2023-06-27,audiencia_reconocimiento,0.2153339385986328,0.2747337818145752
dabeiba_antioquia,dabeiba_antioquia_b0013,2006,Antioquia,2023-06-27,audiencia_reconocimiento,0.11872601509094238,0.20606714487075806
dabeiba_antioquia,dabeiba_antioquia_b0014,2009,Antioquia,2023-06-27,audiencia_reconocimiento,0.16527658700942993,0.2420494556427002
dabeiba_antioquia,dabeiba_antioquia_b0015,2002,Antioquia,2023-06-27,audiencia_reconocimiento,0.22672253847122192,0.2759532928466797
dabeiba_antioquia,dabeiba_antioquia_b0016,2011,Antioquia,2023-06-27,audiencia_reconocimiento,0.2001514434814453,0.26455986499786377
dabeiba_antioquia,dabeiba_antioquia_b0017,2002,Antioquia,2023-06-27,audiencia_reconocimiento,0.175248384475708,0.23454993963241577
dabeiba_antioquia,dabeiba_antioquia_b0018,2006,Antioquia,2023-06-27,audiencia_reconocimiento,0.14019280672073364,0.2333923578262329
dabeiba_antioquia,dabeiba_antioquia_b0019,2007,Antioquia,2023-06-27,audiencia_reconocimiento,0.18991202116012573,0.2581300735473633
dabeiba_antioquia,dabeiba_antioquia_b0020,2009,Antioquia,2023-06-27,audiencia_reconocimiento,0.2126423716545105,0.2650359869003296
dabeiba_antioquia,dabeiba_antioquia_b0021,2003,Antioquia,2023-06-27,audiencia_reconocimiento,0.14885753393173218,0.22804796695709229
dabeiba_antioquia,dabeiba_antioquia_b0022,2000,Antioquia,2023-06-27,audiencia_reconocimiento,0.20772117376327515,0.26035642623901367
dabeiba_antioquia,dabeiba_antioquia_b0023,2000,Antioquia,2023-06-27,audiencia_reconocimiento,0.21094083786010742,0.277429461479187
dabeiba_antioquia,dabeiba_antioquia_b0024,2001,Antioquia,2023-06-27,audiencia_reconocimiento,0.19109117984771729,0.25645554065704346
dabeiba_antioquia,dabeiba_antioquia_b0025,2001,Antioquia,2023-06-27,audiencia_reconocimiento,0.17600536346435547,0.2570488452911377
dabeiba_antioquia,dabeiba_antioquia_b0026,2008,Antioquia,2023-06-27,audiencia_reconocimiento,0.17393594980239868,0.2543843984603882
dabeiba_antioquia,dabeiba_antioquia_b0027,2000,Antioquia,2023-06-27,audiencia_reconocimiento,0.1586896777153015,0.2371617555618286
dabeiba_antioquia,dabeiba_antioquia_b0028,2001,Antioquia,2023-06-27,audiencia_reconocimiento,0.22269576787948608,0.3035585284233093
dabeiba_antioquia,dabeiba_antioquia_b0029,2008,Antioquia,2023-06-27,audiencia_reconocimiento,0.13302040100097656,0.23694175481796265
dabeiba_antioquia,dabeiba_antioquia_b0030,2000,Antioquia,2023-06-27,audiencia_reconocimiento,0.1375495195388794,0.20218980312347412
dabeiba_antioquia,dabeiba_antioquia_b0031,1999,Antioquia,2023-06-27,audiencia_reconocimiento,0.20350885391235352,0.2691943049430847
dabeiba_antioquia,dabeiba_antioquia_b0032,1999,Antioquia,2023-06-27,audiencia_reconocimiento,0.19639116525650024,0.2735453248023987
dabeiba_antioquia,dabeiba_antioquia_b0033,1999,Antioquia,2023-06-27,audiencia_reconocimiento,0.20496970415115356,0.2693619132041931
dabeiba_antioquia,dabeiba_antioquia_b0034,2007,Antioquia,2023-06-27,audiencia_reconocimiento,0.16977065801620483,0.25387507677078247
dabeiba_antioquia,dabeiba_antioquia_b0035,2000,Antioquia,2023-06-27,audiencia_reconocimiento,0.13725364208221436,0.2263360619544983
dabeiba_antioquia,dabeiba_antioquia_b0036,1999,Antioquia,2023-06-27,audiencia_reconocimiento,0.15759414434432983,0.2617715001106262
dabeiba_antioquia,dabeiba_antioquia_b0037,2000,Antioquia,2023-06-27,audiencia_reconocimiento,0.1767534613609314,0.26514196395874023
dabeiba_antioquia,dabeiba_antioquia_b0038,2002,Antioquia,2023-06-27,audiencia_reconocimiento,0.1924620270729065,0.2598288059234619
dabeiba_antioquia,dabeiba_antioquia_b0039,2003,Antioquia,2023-06-27,audiencia_reconocimiento,0.1926569938659668,0.26391446590423584
dabeiba_antioquia,dabeiba_antioquia_b0040,1999,Antioquia,2023-06-27,audiencia_reconocimiento,0.18259882926940918,0.26402151584625244
dabeiba_antioquia,dabeiba_antioquia_b0041,1999,Antioquia,2023-06-27,audiencia_reconocimiento,0.19841331243515015,0.27449482679367065
dabeiba_antioquia,dabeiba_antioquia_b0042,1999,Antioquia,2023-06-27,audiencia_reconocimiento,0.19139611721038818,0.26476722955703735
dabeiba_antioquia,dabeiba_antioquia_b0043,2001,Antioquia,2023-06-27,audiencia_reconocimiento,0.17578226327896118,0.2653151750564575
dabeiba_antioquia,dabeiba_antioquia_b0044,2005,Antioquia,2023-06-27,audiencia_reconocimiento,0.19626915454864502,0.2555720806121826
dabeiba_antioquia,dabeiba_antioquia_b0045,2004,Antioquia,2023-06-27,audiencia_reconocimiento,0.20283854007720947,0.23672491312026978
dabeiba_antioquia,dabeiba_antioquia_b0046,2002,Antioquia,2023-06-27,audiencia_reconocimiento,0.20854777097702026,0.2547833323478699
dabeiba_antioquia,dabeiba_antioquia_b0047,2001,Antioquia,2023-06-27,audiencia_reconocimiento,0.16949468851089478,0.2543078064918518
dabeiba_antioquia,dabeiba_antioquia_b0048,1999,Antioquia,2023-06-27,audiencia_reconocimiento,0.2547876834869385,0.3261052966117859
dabeiba_antioquia,dabeiba_antioquia_b0049,2002,Antioquia,2023-06-27,audiencia_reconocimiento,0.1708967089653015,0.23024439811706543
dabeiba_antioquia,dabeiba_antioquia_b0050,2000,Antioquia,2023-06-27,audiencia_reconocimiento,0.22409731149673462,0.28261512517929077
dabeiba_antioquia,dabeiba_antioquia_b0051,2001,Antioquia,2023-06-27,audiencia_reconocimiento,0.16235965490341187,0.1868559718132019
dabeiba_antioquia,dabeiba_antioquia_b0052,2000,Antioquia,2023-06-27,audiencia_reconocimiento,0.25756776332855225,0.31423425674438477
dabeiba_antioquia,dabeiba_antioquia_b0053,1999,Antioquia,2023-06-27,audiencia_reconocimiento,0.21054869890213013,0.2788237929344177
dabeiba_antioquia,dabeiba_antioquia_b0054,2001,Antioquia,2023-06-27,audiencia_reconocimiento,0.12966424226760864,0.20906871557235718
dabeiba_antioquia,dabeiba_antioquia_b0055,2003,Antioquia,2023-06-27,audiencia_reconocimiento,0.17321622371673584,0.23596519231796265
dabeiba_antioquia,dabeiba_antioquia_b0056,1999,Antioquia,2023-06-27,audiencia_reconocimiento,0.18845993280410767,0.2667715549468994
dabeiba_antioquia,dabeiba_antioquia_b0057,2002,Antioquia,2023-06-27,audiencia_reconocimiento,0.1545049548149109,0.2288832664489746
dabeiba_antioquia,dabeiba_antioquia_b0058,1999,Antioquia,2023-06-27,audiencia_reconocimiento,0.19925928115844727,0.26006895303726196
dabeiba_antioquia,dabeiba_antioquia_b0059,2002,Antioquia,2023-06-27,audiencia_reconocimiento,0.1901755928993225,0.2776172161102295
dabeiba_antioquia,dabeiba_antioquia_b0060,1999,Antioquia,2023-06-27,audiencia_reconocimiento,0.18502068519592285,0.2796373963356018
dabeiba_antioquia,dabeiba_antioquia_b0061,2005,Antioquia,2023-06-27,audiencia_reconocimiento,0.2176969051361084,0.28040921688079834
dabeiba_antioquia,dabeiba_antioquia_b0062,2001,Antioquia,2023-06-27,audiencia_reconocimiento,0.13699114322662354,0.20781445503234863
dabeiba_antioquia,dabeiba_antioquia_b0063,2002,Antioquia,2023-06-27,audiencia_reconocimiento,0.15477287769317627,0.23125052452087402
dabeiba_antioquia,dabeiba_antioquia_b0064,2000,Antioquia,2023-06-27,audiencia_reconocimiento,0.23141026496887207,0.3073263168334961
dabeiba_antioquia,dabeiba_antioquia_b0065,1999,Antioquia,2023-06-27,audiencia_reconocimiento,0.1765052080154419,0.2556699514389038
dabeiba_antioquia,dabeiba_antioquia_b0066,2000,Antioquia,2023-06-27,audiencia_reconocimiento,0.24533146619796753,0.2862586975097656
dabeiba_antioquia,dabeiba_antioquia_b0067,2000,Antioquia,2023-06-27,audiencia_reconocimiento,0.2149176001548767,0.28568488359451294
dabeiba_antioquia,dabeiba_antioquia_b0068,2002,Antioquia,2023-06-27,audiencia_reconocimiento,0.18008387088775635,0.2546843886375427
dabeiba_antioquia,dabeiba_antioquia_b0069,2000,Antioquia,2023-06-27,audiencia_reconocimiento,0.19542533159255981,0.2524707317352295
dabeiba_antioquia,dabeiba_antioquia_b0070,2002,Antioquia,2023-06-27,audiencia_reconocimiento,0.16104310750961304,0.23338252305984497
dabeiba_antioquia,dabeiba_antioquia_b0071,1999,Antioquia,2023-06-27,audiencia_reconocimiento,0.11726760864257812,0.204096257686615
dabeiba_antioquia,dabeiba_antioquia_b0072,2011,Antioquia,2023-06-27,audiencia_reconocimiento,0.17437046766281128,0.2534729242324829
dabeiba_antioquia,dabeiba_antioquia_b0073,2003,Antioquia,2023-06-27,audiencia_reconocimiento,0.1980515718460083,0.25638312101364136
dabeiba_antioquia,dabeiba_antioquia_b0074,2011,Antioquia,2023-06-27,audiencia_reconocimiento,0.20442432165145874,0.26413434743881226
dabeiba_antioquia,dabeiba_antioquia_b0075,2003,Antioquia,2023-06-27,audiencia_reconocimiento,0.1850089430809021,0.27852171659469604
dabeiba_antioquia,dabeiba_antioquia_b0076,1999,Antioquia,2023-06-27,audiencia_reconocimiento,0.17649531364440918,0.24407958984375
dabeiba_antioquia,dabeiba_antioquia_b0077,2000,Antioquia,2023-06-27,audiencia_reconocimiento,0.18893963098526,0.2543989419937134
dabeiba_antioquia,dabeiba_antioquia_b0078,2006,Antioquia,2023-06-27,audiencia_reconocimiento,0.24636781215667725,0.3100726008415222
dabeiba_antioquia,dabeiba_antioquia_b0079,1999,Antioquia,2023-06-27,audiencia_reconocimiento,0.2144181728363037,0.2957229018211365
dabeiba_antioquia,dabeiba_antioquia_b0080,2003,Antioquia,2023-06-27,audiencia_reconocimiento,0.21638214588165283,0.2935316562652588
dabeiba_antioquia,dabeiba_antioquia_b0081,2003,Antioquia,2023-06-27,audiencia_reconocimiento,0.18269920349121094,0.2651981711387634
dabeiba_antioquia,dabeiba_antioquia_b0082,2005,Antioquia,2023-06-27,audiencia_reconocimiento,0.15808314085006714,0.2503463625907898
dabeiba_antioquia,dabeiba_antioquia_b0083,1999,Antioquia,2023-06-27,audiencia_reconocimiento,0.13582652807235718,0.239410400390625
dabeiba_antioquia,dabeiba_antioquia_b0084,2006,Antioquia,2023-06-27,audiencia_reconocimiento,0.1813950538635254,0.23886072635650635
dabeiba_antioquia,dabeiba_antioquia_b0085,2002,Antioquia,2023-06-27,audiencia_reconocimiento,0.16183710098266602,0.2311813235282898
dabeiba_antioquia,dabeiba_antioquia_b0086,2006,Antioquia,2023-06-27,audiencia_reconocimiento,0.2139107584953308,0.2969183325767517
dabeiba_antioquia,dabeiba_antioquia_b0087,2000,Antioquia,2023-06-27,audiencia_reconocimiento,0.17316555976867676,0.24349164962768555
dabeiba_antioquia,dabeiba_antioquia_b0088,2004,Antioquia,2023-06-27,audiencia_reconocimiento,0.1959611177444458,0.27258121967315674
dabeiba_antioquia,dabeiba_antioquia_b0089,1999,Antioquia,2023-06-27,audiencia_reconocimiento,0.165133535861969,0.2431166172027588
dabeiba_antioquia,dabeiba_antioquia_b0090,2001,Antioquia,2023-06-27,audiencia_reconocimiento,0.1546642780303955,0.25130361318588257
dabeiba_antioquia,dabeiba_antioquia_b0091,1999,Antioquia,2023-06-27,audiencia_reconocimiento,0.13615715503692627,0.23291826248168945
dabeiba_antioquia,dabeiba_antioquia_b0092,2001,Antioquia,2023-06-27,audiencia_reconocimiento,0.18267524242401123,0.26381123065948486
dabeiba_antioquia,dabeiba_antioquia_b0093,1999,Antioquia,2023-06-27,audiencia_reconocimiento,0.1884480118751526,0.2556736469268799
dabeiba_antioquia,dabeiba_antioquia_b0094,1999,Antioquia,2023-06-27,audiencia_reconocimiento,0.19106650352478027,0.250820517539978
dabeiba_antioquia,dabeiba_antioquia_b0095,2007,Antioquia,2023-06-27,audiencia_reconocimiento,0.26571208238601685,0.33903199434280396
dabeiba_antioquia,dabeiba_antioquia_b0096,2007,Antioquia,2023-06-27,audiencia_reconocimiento,0.17034929990768433,0.24920916557312012
dabeiba_antioquia,dabeiba_antioquia_b0097,2000,Antioquia,2023-06-27,audiencia_reconocimiento,0.2297179102897644,0.2830922603607178
dabeiba_antioquia,dabeiba_antioquia_b0098,2006,Antioquia,2023-06-27,audiencia_reconocimiento,0.1999998688697815,0.25720536708831787
dabeiba_antioquia,dabeiba_antioquia_b0099,2001,Antioquia,2023-06-27,audiencia_reconocimiento,0.1428852677345276,0.22659677267074585
dabeiba_antioquia,dabeiba_antioquia_b0100,1999,Antioquia,2023-06-27,audiencia_reconocimiento,0.21442854404449463,0.27776873111724854
dabeiba_antioquia,dabeiba_antioquia_b0101,2003,Antioquia,2023-06-27,audiencia_reconocimiento,0.17765522003173828,0.279840350151062
dabeiba_antioquia,dabeiba_antioquia_b0102,1999,Antioquia,2023-06-27,audiencia_reconocimiento,0.22189342975616455,0.30354613065719604
dabeiba_antioquia,dabeiba_antioquia_b0103,1999,Antioquia,2023-06-27,audiencia_reconocimiento,0.14493697881698608,0.23353612422943115
dabeiba_antioquia,dabeiba_antioquia_b0104,2000,Antioquia,2023-06-27,audiencia_reconocimiento,0.1815105676651001,0.25246816873550415
dabeiba_antioquia,dabeiba_antioquia_b0105,2006,Antioquia,2023-06-27,audiencia_reconocimiento,0.15494781732559204,0.23806798458099365
dabeiba_antioquia,dabeiba_antioquia_b0106,2003,Antioquia,2023-06-27,audiencia_reconocimiento,0.21115028858184814,0.2873363494873047
dabeiba_antioquia,dabeiba_antioquia_b0107,2004,Antioquia,2023-06-27,audiencia_reconocimiento,0.2683706283569336,0.31689226627349854
dabeiba_antioquia,dabeiba_antioquia_b0108,2000,Antioquia,2023-06-27,audiencia_reconocimiento,0.22160488367080688,0.29339420795440674
dabeiba_antioquia,dabeiba_antioquia_b0109,2005,Antioquia,2023-06-27,audiencia_reconocimiento,0.21334213018417358,0.26526230573654175
dabeiba_antioquia,dabeiba_antioquia_b0110,2001,Antioquia,2023-06-27,audiencia_reconocimiento,0.2067546248435974,0.2850216031074524
dabeiba_antioquia,dabeiba_antioquia_b0111,1999,Antioquia,2023-06-27,audiencia_reconocimiento,0.18654781579971313,0.2545772194862366
dabeiba_antioquia,dabeiba_antioquia_b0112,2000,Antioquia,2023-06-27,audiencia_reconocimiento,0.1910334825515747,0.2784990668296814
dabeiba_antioquia,dabeiba_antioquia_b0113,2002,Antioquia,2023-06-27,audiencia_reconocimiento,0.2631872296333313,0.3248075842857361
dabeiba_antioquia,dabeiba_antioquia_b0114,2001,Antioquia,2023-06-27,audiencia_reconocimiento,0.1929423213005066,0.2600163221359253
dabeiba_antioquia,dabeiba_antioquia_b0115,2007,Antioquia,2023-06-27,audiencia_reconocimiento,0.15815061330795288,0.24837034940719604
dabeiba_antioquia,dabeiba_antioquia_b0116,2002,Antioquia,2023-06-27,audiencia_reconocimiento,0.22931361198425293,0.31689274311065674
dabeiba_antioquia,dabeiba_antioquia_b0117,2002,Antioquia,2023-06-27,audiencia_reconocimiento,0.2025207281112671,0.24811255931854248
dabeiba_antioquia,dabeiba_antioquia_b0118,2002,Antioquia,2023-06-27,audiencia_reconocimiento,0.20623600482940674,0.2871739864349365
dabeiba_antioquia,dabeiba_antioquia_b0119,2000,Antioquia,2023-06-27,audiencia_reconocimiento,0.20206785202026367,0.25347191095352173
dabeiba_antioquia,dabeiba_antioquia_b0120,2011,Antioquia,2023-06-27,audiencia_reconocimiento,0.19051724672317505,0.2804732322692871
dabeiba_antioquia,dabeiba_antioquia_b0121,2000,Antioquia,2023-06-27,audiencia_reconocimiento,0.2042769193649292,0.2900829315185547
dabeiba_antioquia,dabeiba_antioquia_b0122,2009,Antioquia,2023-06-27,audiencia_reconocimiento,0.22060352563858032,0.3025803565979004
dabeiba_antioquia,dabeiba_antioquia_b0123,2001,Antioquia,2023-06-27,audiencia_reconocimiento,0.1942691206932068,0.29568690061569214
dabeiba_antioquia,dabeiba_antioquia_b0124,2001,Antioquia,2023-06-27,audiencia_reconocimiento,0.19395756721496582,0.2932836413383484
dabeiba_antioquia,dabeiba_antioquia_b0125,2005,Antioquia,2023-06-27,audiencia_reconocimiento,0.19185101985931396,0.27629387378692627
dabeiba_antioquia,dabeiba_antioquia_b0126,2002,Antioquia,2023-06-27,audiencia_reconocimiento,0.20260143280029297,0.24966120719909668
dabeiba_antioquia,dabeiba_antioquia_b0127,2005,Antioquia,2023-06-27,audiencia_reconocimiento,0.16631901264190674,0.2345947027206421
dabeiba_antioquia,dabeiba_antioquia_b0128,2003,Antioquia,2023-06-27,audiencia_reconocimiento,0.21370136737823486,0.27678346633911133
dabeiba_antioquia,dabeiba_antioquia_b0129,2008,Antioquia,2023-06-27,audiencia_reconocimiento,0.18815267086029053,0.2755230665206909
dabeiba_antioquia,dabeiba_antioquia_b0130,2007,Antioquia,2023-06-27,audiencia_reconocimiento,0.20736593008041382,0.26492077112197876
dabeiba_antioquia,dabeiba_antioquia_b0131,2003,Antioquia,2023-06-27,audiencia_reconocimiento,0.21724796295166016,0.26319658756256104
dabeiba_antioquia,dabeiba_antioquia_b0132,2000,Antioquia,2023-06-27,audiencia_reconocimiento,0.17772126197814941,0.2406255006790161
dabeiba_antioquia,dabeiba_antioquia_b0133,2004,Antioquia,2023-06-27,audiencia_reconocimiento,0.1751459836959839,0.2574805021286011
dabeiba_antioquia,dabeiba_antioquia_b0134,2004,Antioquia,2023-06-27,audiencia_reconocimiento,0.17603355646133423,0.25013458728790283
dabeiba_antioquia,dabeiba_antioquia_b0135,2001,Antioquia,2023-06-27,audiencia_reconocimiento,0.18741530179977417,0.24115097522735596
dabeiba_antioquia,dabeiba_antioquia_b0136,2005,Antioquia,2023-06-27,audiencia_reconocimiento,0.17131471633911133,0.24763911962509155
dabeiba_antioquia,dabeiba_antioquia_b0137,2002,Antioquia,2023-06-27,audiencia_reconocimiento,0.20195519924163818,0.2507323622703552
dabeiba_antioquia,dabeiba_antioquia_b0138,1999,Antioquia,2023-06-27,audiencia_reconocimiento,0.1798844337463379,0.2496175765991211
dabeiba_antioquia,dabeiba_antioquia_b0139,1999,Antioquia,2023-06-27,audiencia_reconocimiento,0.20112794637680054,0.27746695280075073
dabeiba_antioquia,dabeiba_antioquia_b0140,1999,Antioquia,2023-06-27,audiencia_reconocimiento,0.16310453414916992,0.2366628646850586
dabeiba_antioquia,dabeiba_antioquia_b0141,1999,Antioquia,2023-06-27,audiencia_reconocimiento,0.20574426651000977,0.2682410478591919
dabeiba_antioquia,dabeiba_antioquia_b0142,2005,Antioquia,2023-06-27,audiencia_reconocimiento,0.17543351650238037,0.25484371185302734
dabeiba_antioquia,dabeiba_antioquia_b0143,121,Antioquia,2023-06-27,audiencia_reconocimiento,0.18846571445465088,0.27165573835372925
huila,huila_b0000,2003,Huila,2024-08-10,audiencia_reconocimiento,0.18415546417236328,0.25833332538604736
huila,huila_b0001,2001,Huila,2024-08-10,audiencia_reconocimiento,0.1733517050743103,0.2599032521247864
huila,huila_b0002,2000,Huila,2024-08-10,audiencia_reconocimiento,0.22745561599731445,0.280910849571228
huila,huila_b0003,2011,Huila,2024-08-10,audiencia_reconocimiento,0.21103817224502563,0.2690574526786804
huila,huila_b0004,1999,Huila,2024-08-10,audiencia_reconocimiento,0.16712206602096558,0.2460693120956421
huila,huila_b0005,2001,Huila,2024-08-10,audiencia_reconocimiento,0.16693735122680664,0.26061856746673584
huila,huila_b0006,2000,Huila,2024-08-10,audiencia_reconocimiento,0.21967488527297974,0.29502105712890625
huila,huila_b0007,2002,Huila,2024-08-10,audiencia_reconocimiento,0.23135197162628174,0.312583327293396
huila,huila_b0008,2000,Huila,2024-08-10,audiencia_reconocimiento,0.19851064682006836,0.26077693700790405
huila,huila_b0009,2002,Huila,2024-08-10,audiencia_reconocimiento,0.15043461322784424,0.24628889560699463
huila,huila_b0010,2003,Huila,2024-08-10,audiencia_reconocimiento,0.19293731451034546,0.2882564663887024
huila,huila_b0011,2004,Huila,2024-08-10,audiencia_reconocimiento,0.18064475059509277,0.2638188600540161
huila,huila_b0012,2001,Huila,2024-08-10,audiencia_reconocimiento,0.127113938331604,0.21113580465316772
huila,huila_b0013,2003,Huila,2024-08-10,audiencia_reconocimiento,0.23646748065948486,0.3077769875526428
huila,huila_b0014,2002,Huila,2024-08-10,audiencia_reconocimiento,0.18806970119476318,0.2711527347564697
huila,huila_b0015,2004,Huila,2024-08-10,audiencia_reconocimiento,0.19769054651260376,0.27564501762390137
huila,huila_b0016,2001,Huila,2024-08-10,audiencia_reconocimiento,0.15845876932144165,0.23590320348739624
huila,huila_b0017,2000,Huila,2024-08-10,audiencia_reconocimiento,0.19358551502227783,0.2842675447463989
huila,huila_b0018,2000,Huila,2024-08-10,audiencia_reconocimiento,0.16451305150985718,0.24706071615219116
huila,huila_b0019,2000,Huila,2024-08-10,audiencia_reconocimiento,0.2034529447555542,0.2683389186859131
huila,huila_b0020,1999,Huila,2024-08-10,audiencia_reconocimiento,0.1797093152999878,0.26084738969802856
huila,huila_b0021,2003,Huila,2024-08-10,audiencia_reconocimiento,0.19192218780517578,0.2789790630340576
huila,huila_b0022,2005,Huila,2024-08-10,audiencia_reconocimiento,0.17989492416381836,0.25038719177246094
huila,huila_b0023,2002,Huila,2024-08-10,audiencia_reconocimiento,0.18907374143600464,0.26245856285095215
huila,huila_b0024,1999,Huila,2024-08-10,audiencia_reconocimiento,0.2337169051170349,0.2897595763206482
huila,huila_b0025,2001,Huila,2024-08-10,audiencia_reconocimiento,0.17990857362747192,0.2739899158477783
huila,huila_b0026,2004,Huila,2024-08-10,audiencia_reconocimiento,0.20734518766403198,0.28057968616485596
huila,huila_b0027,2002,Huila,2024-08-10,audiencia_reconocimiento,0.18974614143371582,0.27047640085220337
huila,huila_b0028,2004,Huila,2024-08-10,audiencia_reconocimiento,0.1800084114074707,0.26091498136520386
huila,huila_b0029,1999,Huila,2024-08-10,audiencia_reconocimiento,0.18537455797195435,0.26455116271972656
huila,huila_b0030,2000,Huila,2024-08-10,audiencia_reconocimiento,0.20554578304290771,0.29746174812316895
huila,huila_b0031,2001,Huila,2024-08-10,audiencia_reconocimiento,0.16464954614639282,0.23907142877578735
huila,huila_b0032,1999,Huila,2024-08-10,audiencia_reconocimiento,0.21561360359191895,0.2659216523170471
huila,huila_b0033,2006,Huila,2024-08-10,audiencia_reconocimiento,0.2216273546218872,0.2914077043533325
huila,huila_b0034,1999,Huila,2024-08-10,audiencia_reconocimiento,0.14890378713607788,0.24720150232315063
huila,huila_b0035,2002,Huila,2024-08-10,audiencia_reconocimiento,0.20858228206634521,0.296927273273468
huila,huila_b0036,2005,Huila,2024-08-10,audiencia_reconocimiento,0.15753918886184692,0.2384435534477234
huila,huila_b0037,2000,Huila,2024-08-10,audiencia_reconocimiento,0.19167840480804443,0.2812671661376953
huila,huila_b0038,2000,Huila,2024-08-10,audiencia_reconocimiento,0.20982110500335693,0.3015362024307251
huila,huila_b0039,1999,Huila,2024-08-10,audiencia_reconocimiento,0.17995738983154297,0.2715337872505188
huila,huila_b0040,2002,Huila,2024-08-10,audiencia_reconocimiento,0.17511588335037231,0.27108705043792725
huila,huila_b0041,2002,Huila,2024-08-10,audiencia_reconocimiento,0.11228537559509277,0.2213510274887085
huila,huila_b0042,2003,Huila,2024-08-10,audiencia_reconocimiento,0.21374714374542236,0.32014667987823486
huila,huila_b0043,2004,Huila,2024-08-10,audiencia_reconocimiento,0.17965489625930786,0.25866711139678955
huila,huila_b0044,2002,Huila,2024-08-10,audiencia_reconocimiento,0.23200780153274536,0.3026554584503174
huila,huila_b0045,1999,Huila,2024-08-10,audiencia_reconocimiento,0.1725032925605774,0.24227064847946167
huila,huila_b0046,2005,Huila,2024-08-10,audiencia_reconocimiento,0.21363615989685059,0.28597599267959595
huila,huila_b0047,2001,Huila,2024-08-10,audiencia_reconocimiento,0.13162606954574585,0.21733355522155762
huila,huila_b0048,2003,Huila,2024-08-10,audiencia_reconocimiento,0.21390730142593384,0.2917531728744507
huila,huila_b0049,2002,Huila,2024-08-10,audiencia_reconocimiento,0.21000194549560547,0.2771393656730652
huila,huila_b0050,2002,Huila,2024-08-10,audiencia_reconocimiento,0.16386032104492188,0.23871469497680664
huila,huila_b0051,2001,Huila,2024-08-10,audiencia_reconocimiento,0.18586432933807373,0.2583610415458679
huila,huila_b0052,1999,Huila,2024-08-10,audiencia_reconocimiento,0.19538843631744385,0.26883119344711304
huila,huila_b0053,2002,Huila,2024-08-10,audiencia_reconocimiento,0.17330610752105713,0.2511380910873413
huila,huila_b0054,2009,Huila,2024-08-10,audiencia_reconocimiento,0.1879708170890808,0.25280529260635376
huila,huila_b0055,2004,Huila,2024-08-10,audiencia_reconocimiento,0.2070770263671875,0.29324084520339966
huila,huila_b0056,2001,Huila,2024-08-10,audiencia_reconocimiento,0.20476996898651123,0.2754080295562744
huila,huila_b0057,2004,Huila,2024-08-10,audiencia_reconocimiento,0.19589924812316895,0.2737916111946106
huila,huila_b0058,2002,Huila,2024-08-10,audiencia_reconocimiento,0.12404632568359375,0.2099210023880005
huila,huila_b0059,2002,Huila,2024-08-10,audiencia_reconocimiento,0.1838178038597107,0.260775625705719
huila,huila_b0060,2003,Huila,2024-08-10,audiencia_reconocimiento,0.18924880027770996,0.264471173286438
huila,huila_b0061,2002,Huila,2024-08-10,audiencia_reconocimiento,0.16736966371536255,0.26968914270401
huila,huila_b0062,2002,Huila,2024-08-10,audiencia_reconocimiento,0.1650046706199646,0.2570159435272217
huila,huila_b0063,2012,Huila,2024-08-10,audiencia_reconocimiento,0.15842151641845703,0.24150800704956055
huila,huila_b0064,2000,Huila,2024-08-10,audiencia_reconocimiento,0.1710207462310791,0.25531601905822754
huila,huila_b0065,1999,Huila,2024-08-10,audiencia_reconocimiento,0.16968709230422974,0.25707703828811646
huila,huila_b0066,2004,Huila,2024-08-10,audiencia_reconocimiento,0.2060331106185913,0.2613927125930786
huila,huila_b0067,2002,Huila,2024-08-10,audiencia_reconocimiento,0.2043287754058838,0.2730215787887573
huila,huila_b0068,2009,Huila,2024-08-10,audiencia_reconocimiento,0.18873226642608643,0.25660550594329834
huila,huila_b0069,1999,Huila,2024-08-10,audiencia_reconocimiento,0.20464301109313965,0.2876228094100952
huila,huila_b0070,1999,Huila,2024-08-10,audiencia_reconocimiento,0.17732328176498413,0.25144827365875244
huila,huila_b0071,2002,Huila,2024-08-10,audiencia_reconocimiento,0.20921683311462402,0.2801521420478821
huila,huila_b0072,2000,Huila,2024-08-10,audiencia_reconocimiento,0.15487009286880493,0.25104063749313354
huila,huila_b0073,2000,Huila,2024-08-10,audiencia_reconocimiento,0.2071608304977417,0.2805473804473877
huila,huila_b0074,1999,Huila,2024-08-10,audiencia_reconocimiento,0.13221561908721924,0.2325114607810974
huila,huila_b0075,1999,Huila,2024-08-10,audiencia_reconocimiento,0.166925847530365,0.2539140582084656
huila,huila_b0076,2001,Huila,2024-08-10,audiencia_reconocimiento,0.16378355026245117,0.23901474475860596
huila,huila_b0077,1999,Huila,2024-08-10,audiencia_reconocimiento,0.17341125011444092,0.24124395847320557
huila,huila_b0078,2003,Huila,2024-08-10,audiencia_reconocimiento,0.1661362648010254,0.24567091464996338
huila,huila_b0079,2001,Huila,2024-08-10,audiencia_reconocimiento,0.17309904098510742,0.25410735607147217
huila,huila_b0080,1999,Huila,2024-08-10,audiencia_reconocimiento,0.18503576517105103,0.2799839377403259
huila,huila_b0081,2000,Huila,2024-08-10,audiencia_reconocimiento,0.20601582527160645,0.2968183159828186
huila,huila_b0082,2011,Huila,2024-08-10,audiencia_reconocimiento,0.16637247800827026,0.2502778172492981
huila,huila_b0083,2004,Huila,2024-08-10,audiencia_reconocimiento,0.16354703903198242,0.24417370557785034
huila,huila_b0084,2002,Huila,2024-08-10,audiencia_reconocimiento,0.21512657403945923,0.2617415189743042
huila,huila_b0085,2001,Huila,2024-08-10,audiencia_reconocimiento,0.10870105028152466,0.20103955268859863
huila,huila_b0086,2001,Huila,2024-08-10,audiencia_reconocimiento,0.182270348072052,0.28237760066986084
huila,huila_b0087,2007,Huila,2024-08-10,audiencia_reconocimiento,0.15445005893707275,0.25778788328170776
huila,huila_b0088,1999,Huila,2024-08-10,audiencia_reconocimiento,0.17434561252593994,0.27828896045684814
huila,huila_b0089,2001,Huila,2024-08-10,audiencia_reconocimiento,0.15357130765914917,0.23285895586013794
huila,huila_b0090,2001,Huila,2024-08-10,audiencia_reconocimiento,0.15113329887390137,0.2426586151123047
huila,huila_b0091,1999,Huila,2024-08-10,audiencia_reconocimiento,0.2129199504852295,0.2958070635795593
huila,huila_b0092,2004,Huila,2024-08-10,audiencia_reconocimiento,0.11492562294006348,0.20235705375671387
huila,huila_b0093,1999,Huila,2024-08-10,audiencia_reconocimiento,0.1779971718788147,0.26443207263946533
huila,huila_b0094,2001,Huila,2024-08-10,audiencia_reconocimiento,0.18150776624679565,0.2736607789993286
huila,huila_b0095,2005,Huila,2024-08-10,audiencia_reconocimiento,0.20310628414154053,0.28189438581466675
huila,huila_b0096,1999,Huila,2024-08-10,audiencia_reconocimiento,0.18024992942810059,0.26051342487335205
huila,huila_b0097,2009,Huila,2024-08-10,audiencia_reconocimiento,0.2514446973800659,0.30787473917007446
huila,huila_b0098,2002,Huila,2024-08-10,audiencia_reconocimiento,0.19727563858032227,0.2417229413986206
huila,huila_b0099,2006,Huila,2024-08-10,audiencia_reconocimiento,0.20423835515975952,0.2635056972503662
huila,huila_b0100,2005,Huila,2024-08-10,audiencia_reconocimiento,0.16863977909088135,0.23576301336288452
huila,huila_b0101,2001,Huila,2024-08-10,audiencia_reconocimiento,0.19570159912109375,0.25496208667755127
huila,huila_b0102,2003,Huila,2024-08-10,audiencia_reconocimiento,0.1817139983177185,0.22445601224899292
huila,huila_b0103,2005,Huila,2024-08-10,audiencia_reconocimiento,0.1991681456565857,0.25831878185272217
huila,huila_b0104,2001,Huila,2024-08-10,audiencia_reconocimiento,0.2140127420425415,0.2671165466308594
huila,huila_b0105,1999,Huila,2024-08-10,audiencia_reconocimiento,0.15833699703216553,0.23273348808288574
huila,huila_b0106,2003,Huila,2024-08-10,audiencia_reconocimiento,0.17918932437896729,0.23296606540679932
huila,huila_b0107,2001,Huila,2024-08-10,audiencia_reconocimiento,0.22426927089691162,0.2765568494796753
huila,huila_b0108,2002,Huila,2024-08-10,audiencia_reconocimiento,0.22808146476745605,0.274933397769928
huila,huila_b0109,2005,Huila,2024-08-10,audiencia_reconocimiento,0.20214706659317017,0.26667720079421997
huila,huila_b0110,2006,Huila,2024-08-10,audiencia_reconocimiento,0.19600677490234375,0.2725444436073303
huila,huila_b0111,2000,Huila,2024-08-10,audiencia_reconocimiento,0.14021944999694824,0.21997278928756714
huila,huila_b0112,2002,Huila,2024-08-10,audiencia_reconocimiento,0.18972498178482056,0.2747049331665039
huila,huila_b0113,2001,Huila,2024-08-10,audiencia_reconocimiento,0.14505290985107422,0.20171284675598145
huila,huila_b0114,2007,Huila,2024-08-10,audiencia_reconocimiento,0.18911594152450562,0.2458254098892212
huila,huila_b0115,2000,Huila,2024-08-10,audiencia_reconocimiento,0.24721074104309082,0.28889310359954834
huila,huila_b0116,2004,Huila,2024-08-10,audiencia_reconocimiento,0.2116868495941162,0.2681592106819153
huila,huila_b0117,2005,Huila,2024-08-10,audiencia_reconocimiento,0.1943802833557129,0.22244322299957275
huila,huila_b0118,2006,Huila,2024-08-10,audiencia_reconocimiento,0.17429649829864502,0.2368912696838379
huila,huila_b0119,2007,Huila,2024-08-10,audiencia_reconocimiento,0.17334282398223877,0.239945650100708
huila,huila_b0120,2008,Huila,2024-08-10,audiencia_reconocimiento,0.1570969820022583,0.22813183069229126
huila,huila_b0121,1999,Huila,2024-08-10,audiencia_reconocimiento,0.299500048160553,0.3467966318130493
huila,huila_b0122,2000,Huila,2024-08-10,audiencia_reconocimiento,0.23468339443206787,0.2988640069961548
huila,huila_b0123,1999,Huila,2024-08-10,audiencia_reconocimiento,0.16318517923355103,0.24701881408691406
huila,huila_b0124,2002,Huila,2024-08-10,audiencia_reconocimiento,0.15040242671966553,0.254999577999115
huila,huila_b0125,2005,Huila,2024-08-10,audiencia_reconocimiento,0.21104979515075684,0.2961956858634949
huila,huila_b0126,1999,Huila,2024-08-10,audiencia_reconocimiento,0.2152942419052124,0.305347740650177
huila,huila_b0127,2000,Huila,2024-08-10,audiencia_reconocimiento,0.21146774291992188,0.2924289107322693
huila,huila_b0128,2000,Huila,2024-08-10,audiencia_reconocimiento,0.16418391466140747,0.24428397417068481
huila,huila_b0129,2002,Huila,2024-08-10,audiencia_reconocimiento,0.18801677227020264,0.2671932578086853
huila,huila_b0130,2001,Huila,2024-08-10,audiencia_reconocimiento,0.21703916788101196,0.2823019027709961
huila,huila_b0131,2006,Huila,2024-08-10,audiencia_reconocimiento,0.1437651515007019,0.22845202684402466
huila,huila_b0132,2013,Huila,2024-08-10,audiencia_reconocimiento,0.17939287424087524,0.28268998861312866
huila,huila_b0133,1064,Huila,2024-08-10,audiencia_reconocimiento,0.19838786125183105,0.2808864116668701
