doc_id_short,corpus,subcorpus,year,radicado,magistrado_ponente,sala_seccion,fecha_sentencia,fecha_hechos,lugar_departamento,lugar_municipio,tipo_accion,decision,n_chars,secciones_identificadas,n_secciones,y8_mafapo,y9_cidh,y2_sa,y10_rep,compareciente,rango,icm_v3,deteccion_facial
01807c73506b8128…,A-CSJ,CSJ,2013,[ver metadata_corpus_a.csv],[extraer de PDF],[extraer de PDF],2013,[extraer de PDF],[extraer de PDF],[extraer de PDF],Reparación Directa / Apelación,[extraer de PDF],9223,CONSIDERACIONES | DECISIÓN,2,0.216,0.242,0.959,0.000,—,—,—,—
036f7d338673e786…,A-CSJ,CSJ,,[ver metadata_corpus_a.csv],[extraer de PDF],[extraer de PDF],,[extraer de PDF],[extraer de PDF],[extraer de PDF],Reparación Directa / Apelación,[extraer de PDF],904,DECISIÓN,1,0.200,0.247,1.000,0.000,—,—,—,—
0453281fce29cacf…,A-CSJ,CSJ,2015,[ver metadata_corpus_a.csv],[extraer de PDF],[extraer de PDF],2015,[extraer de PDF],[extraer de PDF],[extraer de PDF],Reparación Directa / Apelación,[extraer de PDF],17849,HECHOS | CARGOS | CONSIDERACIONES | DECISIÓN,4,0.196,0.247,1.000,0.355,—,—,—,—
04d6e5308972acfd…,A-CE,CE,2010,[ver metadata_corpus_a.csv],[extraer de PDF],[extraer de PDF],2010,[extraer de PDF],[extraer de PDF],[extraer de PDF],Reparación Directa / Apelación,[extraer de PDF],15338,CONSIDERACIONES | DECISIÓN,2,0.247,0.285,1.000,0.278,—,—,—,—
04e1eb5aaa561608…,A-CE,CE,2017,[ver metadata_corpus_a.csv],[extraer de PDF],[extraer de PDF],2017,[extraer de PDF],[extraer de PDF],[extraer de PDF],Reparación Directa / Apelación,[extraer de PDF],13202,HECHOS | CONSIDERACIONES | DECISIÓN,3,0.186,0.231,1.000,0.054,—,—,—,—
057f5cc436d1502f…,A-CSJ,CSJ,2016,[ver metadata_corpus_a.csv],[extraer de PDF],[extraer de PDF],2016,[extraer de PDF],[extraer de PDF],[extraer de PDF],Reparación Directa / Apelación,[extraer de PDF],9714,HECHOS | CONSIDERACIONES | DECISIÓN,3,0.212,0.268,0.883,0.000,—,—,—,—
05d2e3f2271c9000…,A-CE,CE,2020,[ver metadata_corpus_a.csv],[extraer de PDF],[extraer de PDF],2020,[extraer de PDF],[extraer de PDF],[extraer de PDF],Reparación Directa / Apelación,[extraer de PDF],15090,HECHOS | CONSIDERACIONES | DECISIÓN,3,0.281,0.318,1.000,0.355,—,—,—,—
05fe0c7e89a387dd…,A-CSJ,CSJ,2016,[ver metadata_corpus_a.csv],[extraer de PDF],[extraer de PDF],2016,[extraer de PDF],[extraer de PDF],[extraer de PDF],Reparación Directa / Apelación,[extraer de PDF],8775,HECHOS | CONSIDERACIONES | DECISIÓN,3,0.211,0.253,0.620,0.000,—,—,—,—
0835aff2f7b29057…,A-CE,CE,2012,[ver metadata_corpus_a.csv],[extraer de PDF],[extraer de PDF],2012,[extraer de PDF],[extraer de PDF],[extraer de PDF],Reparación Directa / Apelación,[extraer de PDF],11027,CONSIDERACIONES | DECISIÓN,2,0.194,0.221,0.813,0.000,—,—,—,—
08e5432af3304b3a…,A-CE,CE,2006,[ver metadata_corpus_a.csv],[extraer de PDF],[extraer de PDF],2006,[extraer de PDF],[extraer de PDF],[extraer de PDF],Reparación Directa / Apelación,[extraer de PDF],2225,DECISIÓN,1,0.231,0.288,0.542,0.000,—,—,—,—
0be911634d3b2d72…,A-CSJ,CSJ,2017,[ver metadata_corpus_a.csv],[extraer de PDF],[extraer de PDF],2017,[extraer de PDF],[extraer de PDF],[extraer de PDF],Reparación Directa / Apelación,[extraer de PDF],15152,HECHOS | CONSIDERACIONES | DECISIÓN,3,0.175,0.227,0.667,0.133,—,—,—,—
0c26b5b6275ecd41…,A-CSJ,CSJ,2015,[ver metadata_corpus_a.csv],[extraer de PDF],[extraer de PDF],2015,[extraer de PDF],[extraer de PDF],[extraer de PDF],Reparación Directa / Apelación,[extraer de PDF],481,DECISIÓN,1,0.249,0.315,1.000,0.000,—,—,—,—
0c6ebf783e619758…,A-CSJ,CSJ,2015,[ver metadata_corpus_a.csv],[extraer de PDF],[extraer de PDF],2015,[extraer de PDF],[extraer de PDF],[extraer de PDF],Reparación Directa / Apelación,[extraer de PDF],9242,HECHOS | CONSIDERACIONES | DECISIÓN,3,0.220,0.269,0.767,0.091,—,—,—,—
0d0427146a475d68…,A-CSJ,CSJ,2017,[ver metadata_corpus_a.csv],[extraer de PDF],[extraer de PDF],2017,[extraer de PDF],[extraer de PDF],[extraer de PDF],Reparación Directa / Apelación,[extraer de PDF],8831,CONSIDERACIONES | DECISIÓN,2,0.307,0.347,0.871,0.036,—,—,—,—
0d799109865a9a1c…,A-CE,CE,2007,[ver metadata_corpus_a.csv],[extraer de PDF],[extraer de PDF],2007,[extraer de PDF],[extraer de PDF],[extraer de PDF],Reparación Directa / Apelación,[extraer de PDF],65087,DECISIÓN | CONSIDERACIONES | HECHOS,3,0.219,0.263,0.934,0.122,—,—,—,—
0dbbebfd3378e61d…,A-CSJ,CSJ,2015,[ver metadata_corpus_a.csv],[extraer de PDF],[extraer de PDF],2015,[extraer de PDF],[extraer de PDF],[extraer de PDF],Reparación Directa / Apelación,[extraer de PDF],11431,HECHOS | CONSIDERACIONES | DECISIÓN,3,0.192,0.240,0.840,0.000,—,—,—,—
0ed77f2cfbb0dd80…,A-CSJ,CSJ,2014,[ver metadata_corpus_a.csv],[extraer de PDF],[extraer de PDF],2014,[extraer de PDF],[extraer de PDF],[extraer de PDF],Reparación Directa / Apelación,[extraer de PDF],10099,HECHOS | CONSIDERACIONES | DECISIÓN,3,0.189,0.246,0.956,0.000,—,—,—,—
1017bb4b8803a7bc…,A-CSJ,CSJ,2012,[ver metadata_corpus_a.csv],[extraer de PDF],[extraer de PDF],2012,[extraer de PDF],[extraer de PDF],[extraer de PDF],Reparación Directa / Apelación,[extraer de PDF],8345,HECHOS | CONSIDERACIONES | DECISIÓN,3,0.223,0.268,0.852,0.000,—,—,—,—
101c3e12caf10998…,A-CE,CE,2009,[ver metadata_corpus_a.csv],[extraer de PDF],[extraer de PDF],2009,[extraer de PDF],[extraer de PDF],[extraer de PDF],Reparación Directa / Apelación,[extraer de PDF],8638,CONSIDERACIONES | DECISIÓN,2,0.222,0.259,0.916,0.000,—,—,—,—
106207e34d1fde6c…,A-CE,CE,2006,[ver metadata_corpus_a.csv],[extraer de PDF],[extraer de PDF],2006,[extraer de PDF],[extraer de PDF],[extraer de PDF],Reparación Directa / Apelación,[extraer de PDF],4240,DECISIÓN,1,0.234,0.274,1.000,0.490,—,—,—,—
11c1146149557691…,A-CE,CE,2016,[ver metadata_corpus_a.csv],[extraer de PDF],[extraer de PDF],2016,[extraer de PDF],[extraer de PDF],[extraer de PDF],Reparación Directa / Apelación,[extraer de PDF],9087,CONSIDERACIONES | DECISIÓN,2,0.225,0.266,0.790,0.000,—,—,—,—
128907d4b8ab2daa…,A-CE,CE,2004,[ver metadata_corpus_a.csv],[extraer de PDF],[extraer de PDF],2004,[extraer de PDF],[extraer de PDF],[extraer de PDF],Reparación Directa / Apelación,[extraer de PDF],14044,HECHOS | CONSIDERACIONES | DECISIÓN,3,0.214,0.258,0.927,0.000,—,—,—,—
12c68e398fa497e0…,A-CE,CE,,[ver metadata_corpus_a.csv],[extraer de PDF],[extraer de PDF],,[extraer de PDF],[extraer de PDF],[extraer de PDF],Reparación Directa / Apelación,[extraer de PDF],9917,CONSIDERACIONES | DECISIÓN,2,0.157,0.198,0.825,0.219,—,—,—,—
1416ae13e1f448ff…,A-CE,CE,2003,[ver metadata_corpus_a.csv],[extraer de PDF],[extraer de PDF],2003,[extraer de PDF],[extraer de PDF],[extraer de PDF],Reparación Directa / Apelación,[extraer de PDF],1524,DECISIÓN,1,0.195,0.248,0.650,0.354,—,—,—,—
143256801feffea8…,A-CSJ,CSJ,2014,[ver metadata_corpus_a.csv],[extraer de PDF],[extraer de PDF],2014,[extraer de PDF],[extraer de PDF],[extraer de PDF],Reparación Directa / Apelación,[extraer de PDF],7626,CONSIDERACIONES | DECISIÓN,2,0.285,0.320,1.000,0.132,—,—,—,—
154480cd4a5177fb…,A-CE,CE,2017,[ver metadata_corpus_a.csv],[extraer de PDF],[extraer de PDF],2017,[extraer de PDF],[extraer de PDF],[extraer de PDF],Reparación Directa / Apelación,[extraer de PDF],16476,HECHOS | CONSIDERACIONES | DECISIÓN,3,0.232,0.275,0.883,0.323,—,—,—,—
15a84895577a3f98…,A-CE,CE,2009,[ver metadata_corpus_a.csv],[extraer de PDF],[extraer de PDF],2009,[extraer de PDF],[extraer de PDF],[extraer de PDF],Reparación Directa / Apelación,[extraer de PDF],24000,CONSIDERACIONES | DECISIÓN,2,0.170,0.234,1.000,0.399,—,—,—,—
1969b99d5165452c…,A-CSJ,CSJ,2014,[ver metadata_corpus_a.csv],[extraer de PDF],[extraer de PDF],2014,[extraer de PDF],[extraer de PDF],[extraer de PDF],Reparación Directa / Apelación,[extraer de PDF],8952,HECHOS | DECISIÓN,2,0.217,0.269,0.927,0.000,—,—,—,—
1b2f8e6c0f9fba53…,A-CE,CE,,[ver metadata_corpus_a.csv],[extraer de PDF],[extraer de PDF],,[extraer de PDF],[extraer de PDF],[extraer de PDF],Reparación Directa / Apelación,[extraer de PDF],16000,CONSIDERACIONES | DECISIÓN,2,0.184,0.227,1.000,0.471,—,—,—,—
1cdfc83e3657c142…,A-CSJ,CSJ,2014,[ver metadata_corpus_a.csv],[extraer de PDF],[extraer de PDF],2014,[extraer de PDF],[extraer de PDF],[extraer de PDF],Reparación Directa / Apelación,[extraer de PDF],1786,HECHOS | DECISIÓN,2,0.268,0.315,1.000,0.000,—,—,—,—
1d59753be972090b…,A-CSJ,CSJ,2018,[ver metadata_corpus_a.csv],[extraer de PDF],[extraer de PDF],2018,[extraer de PDF],[extraer de PDF],[extraer de PDF],Reparación Directa / Apelación,[extraer de PDF],8866,CONSIDERACIONES | DECISIÓN,2,0.301,0.343,0.825,0.036,—,—,—,—
1d827284136d2487…,A-CE,CE,2003,[ver metadata_corpus_a.csv],[extraer de PDF],[extraer de PDF],2003,[extraer de PDF],[extraer de PDF],[extraer de PDF],Reparación Directa / Apelación,[extraer de PDF],844,DECISIÓN,1,0.212,0.277,0.307,0.000,—,—,—,—
1e6c5f6e8510143d…,A-CE,CE,,[ver metadata_corpus_a.csv],[extraer de PDF],[extraer de PDF],,[extraer de PDF],[extraer de PDF],[extraer de PDF],Reparación Directa / Apelación,[extraer de PDF],3102,DECISIÓN,1,0.176,0.237,1.000,0.275,—,—,—,—
2132a193e2be7574…,A-CSJ,CSJ,2007,[ver metadata_corpus_a.csv],[extraer de PDF],[extraer de PDF],2007,[extraer de PDF],[extraer de PDF],[extraer de PDF],Reparación Directa / Apelación,[extraer de PDF],1009,DECISIÓN,1,0.235,0.290,0.650,0.204,—,—,—,—
21649e686b573d76…,A-CE,CE,2017,[ver metadata_corpus_a.csv],[extraer de PDF],[extraer de PDF],2017,[extraer de PDF],[extraer de PDF],[extraer de PDF],Reparación Directa / Apelación,[extraer de PDF],17117,HECHOS | CONSIDERACIONES | DECISIÓN,3,0.262,0.293,0.988,0.145,—,—,—,—
2226d308a75bcc78…,A-CE,CE,2004,[ver metadata_corpus_a.csv],[extraer de PDF],[extraer de PDF],2004,[extraer de PDF],[extraer de PDF],[extraer de PDF],Reparación Directa / Apelación,[extraer de PDF],10704,CONSIDERACIONES | DECISIÓN,2,0.191,0.229,1.000,0.037,—,—,—,—
23bbdee45fd67bf8…,A-CSJ,CSJ,2014,[ver metadata_corpus_a.csv],[extraer de PDF],[extraer de PDF],2014,[extraer de PDF],[extraer de PDF],[extraer de PDF],Reparación Directa / Apelación,[extraer de PDF],9689,HECHOS | CONSIDERACIONES | DECISIÓN,3,0.205,0.255,0.704,0.039,—,—,—,—
254d6cd440921364…,A-CSJ,CSJ,2016,[ver metadata_corpus_a.csv],[extraer de PDF],[extraer de PDF],2016,[extraer de PDF],[extraer de PDF],[extraer de PDF],Reparación Directa / Apelación,[extraer de PDF],8638,CARGOS | DECISIÓN,2,0.200,0.244,0.890,0.000,—,—,—,—
2556aa061d8aded9…,A-CE,CE,,[ver metadata_corpus_a.csv],[extraer de PDF],[extraer de PDF],,[extraer de PDF],[extraer de PDF],[extraer de PDF],Reparación Directa / Apelación,[extraer de PDF],16000,CONSIDERACIONES | DECISIÓN,2,0.274,0.312,1.000,0.133,—,—,—,—
26dfc2f5529297e2…,A-CE,CE,2004,[ver metadata_corpus_a.csv],[extraer de PDF],[extraer de PDF],2004,[extraer de PDF],[extraer de PDF],[extraer de PDF],Reparación Directa / Apelación,[extraer de PDF],9508,CONSIDERACIONES | DECISIÓN,2,0.196,0.261,1.000,0.156,—,—,—,—
274d29962451441c…,A-CSJ,CSJ,2017,[ver metadata_corpus_a.csv],[extraer de PDF],[extraer de PDF],2017,[extraer de PDF],[extraer de PDF],[extraer de PDF],Reparación Directa / Apelación,[extraer de PDF],9111,CONSIDERACIONES | DECISIÓN,2,0.242,0.281,0.779,0.360,—,—,—,—
27ced80839f5d060…,A-CE,CE,,[ver metadata_corpus_a.csv],[extraer de PDF],[extraer de PDF],,[extraer de PDF],[extraer de PDF],[extraer de PDF],Reparación Directa / Apelación,[extraer de PDF],16000,CONSIDERACIONES | DECISIÓN,2,0.196,0.231,1.000,0.074,—,—,—,—
27d9721f69fcc9c5…,A-CE,CE,,[ver metadata_corpus_a.csv],[extraer de PDF],[extraer de PDF],,[extraer de PDF],[extraer de PDF],[extraer de PDF],Reparación Directa / Apelación,[extraer de PDF],30689,HECHOS | DECISIÓN,2,0.166,0.231,0.973,0.064,—,—,—,—
2a3b67dd8318e81a…,A-CSJ,CSJ,2016,[ver metadata_corpus_a.csv],[extraer de PDF],[extraer de PDF],2016,[extraer de PDF],[extraer de PDF],[extraer de PDF],Reparación Directa / Apelación,[extraer de PDF],3040,HECHOS | DECISIÓN,2,0.188,0.251,0.797,0.000,—,—,—,—
2b419c8e925543ff…,A-CSJ,CSJ,2015,[ver metadata_corpus_a.csv],[extraer de PDF],[extraer de PDF],2015,[extraer de PDF],[extraer de PDF],[extraer de PDF],Reparación Directa / Apelación,[extraer de PDF],14716,HECHOS | CARGOS | CONSIDERACIONES | DECISIÓN,4,0.227,0.287,1.000,0.000,—,—,—,—
2cab90c8736fb4fe…,A-CE,CE,,[ver metadata_corpus_a.csv],[extraer de PDF],[extraer de PDF],,[extraer de PDF],[extraer de PDF],[extraer de PDF],Reparación Directa / Apelación,[extraer de PDF],10240,CONSIDERACIONES | DECISIÓN,2,0.203,0.256,0.937,0.023,—,—,—,—
2d6a4e9ebe0fdc7f…,A-CE,CE,2017,[ver metadata_corpus_a.csv],[extraer de PDF],[extraer de PDF],2017,[extraer de PDF],[extraer de PDF],[extraer de PDF],Reparación Directa / Apelación,[extraer de PDF],3398,DECISIÓN,1,0.184,0.214,1.000,0.669,—,—,—,—
2e0feeefc4bc50d2…,A-CSJ,CSJ,2012,[ver metadata_corpus_a.csv],[extraer de PDF],[extraer de PDF],2012,[extraer de PDF],[extraer de PDF],[extraer de PDF],Reparación Directa / Apelación,[extraer de PDF],1449,HECHOS | DECISIÓN,2,0.193,0.241,0.896,0.000,—,—,—,—
30899dac6eaab5df…,A-CE,CE,2018,[ver metadata_corpus_a.csv],[extraer de PDF],[extraer de PDF],2018,[extraer de PDF],[extraer de PDF],[extraer de PDF],Reparación Directa / Apelación,[extraer de PDF],10017,HECHOS | DECISIÓN,2,0.228,0.270,1.000,0.396,—,—,—,—
3109c1a737befc06…,A-CE,CE,,[ver metadata_corpus_a.csv],[extraer de PDF],[extraer de PDF],,[extraer de PDF],[extraer de PDF],[extraer de PDF],Reparación Directa / Apelación,[extraer de PDF],9857,CONSIDERACIONES | DECISIÓN,2,0.210,0.259,0.667,0.000,—,—,—,—
33b2b2c031f6ed6f…,A-CSJ,CSJ,2017,[ver metadata_corpus_a.csv],[extraer de PDF],[extraer de PDF],2017,[extraer de PDF],[extraer de PDF],[extraer de PDF],Reparación Directa / Apelación,[extraer de PDF],9302,CONSIDERACIONES | DECISIÓN,2,0.216,0.264,0.995,0.000,—,—,—,—
3415c8e1439b6620…,A-CSJ,CSJ,2016,[ver metadata_corpus_a.csv],[extraer de PDF],[extraer de PDF],2016,[extraer de PDF],[extraer de PDF],[extraer de PDF],Reparación Directa / Apelación,[extraer de PDF],17375,HECHOS | CONSIDERACIONES | DECISIÓN,3,0.218,0.269,0.843,0.027,—,—,—,—
341a32fb6a6c70b5…,A-CE,CE,2013,[ver metadata_corpus_a.csv],[extraer de PDF],[extraer de PDF],2013,[extraer de PDF],[extraer de PDF],[extraer de PDF],Reparación Directa / Apelación,[extraer de PDF],21718,CONSIDERACIONES | HECHOS | DECISIÓN,3,0.176,0.231,1.000,0.243,—,—,—,—
350095495340fb12…,A-CSJ,CSJ,2017,[ver metadata_corpus_a.csv],[extraer de PDF],[extraer de PDF],2017,[extraer de PDF],[extraer de PDF],[extraer de PDF],Reparación Directa / Apelación,[extraer de PDF],9318,CONSIDERACIONES | DECISIÓN,2,0.272,0.297,1.000,0.059,—,—,—,—
36383edb1b72a168…,A-CE,CE,2017,[ver metadata_corpus_a.csv],[extraer de PDF],[extraer de PDF],2017,[extraer de PDF],[extraer de PDF],[extraer de PDF],Reparación Directa / Apelación,[extraer de PDF],9700,HECHOS | CONSIDERACIONES | DECISIÓN,3,0.186,0.236,0.883,0.000,—,—,—,—
36cd99c4ff64b1c3…,A-CSJ,CSJ,2014,[ver metadata_corpus_a.csv],[extraer de PDF],[extraer de PDF],2014,[extraer de PDF],[extraer de PDF],[extraer de PDF],Reparación Directa / Apelación,[extraer de PDF],8000,CONSIDERACIONES,1,0.214,0.257,1.000,0.000,—,—,—,—
3740f9b9c39523ee…,A-CSJ,CSJ,2016,[ver metadata_corpus_a.csv],[extraer de PDF],[extraer de PDF],2016,[extraer de PDF],[extraer de PDF],[extraer de PDF],Reparación Directa / Apelación,[extraer de PDF],8813,CONSIDERACIONES | DECISIÓN,2,0.217,0.282,0.839,0.000,—,—,—,—
385d059d4b3909a5…,A-CSJ,CSJ,2015,[ver metadata_corpus_a.csv],[extraer de PDF],[extraer de PDF],2015,[extraer de PDF],[extraer de PDF],[extraer de PDF],Reparación Directa / Apelación,[extraer de PDF],9699,HECHOS | CONSIDERACIONES | DECISIÓN,3,0.231,0.279,0.775,0.000,—,—,—,—
3a3a50b4d65142e8…,A-CSJ,CSJ,,[ver metadata_corpus_a.csv],[extraer de PDF],[extraer de PDF],,[extraer de PDF],[extraer de PDF],[extraer de PDF],Reparación Directa / Apelación,[extraer de PDF],12281,HECHOS | DECISIÓN,2,0.164,0.230,0.624,0.205,—,—,—,—
3a6ef04fd3f8e8b5…,A-CSJ,CSJ,2017,[ver metadata_corpus_a.csv],[extraer de PDF],[extraer de PDF],2017,[extraer de PDF],[extraer de PDF],[extraer de PDF],Reparación Directa / Apelación,[extraer de PDF],9112,CONSIDERACIONES | DECISIÓN,2,0.178,0.226,1.000,0.071,—,—,—,—
3a767d97c18ee6f9…,A-CE,CE,,[ver metadata_corpus_a.csv],[extraer de PDF],[extraer de PDF],,[extraer de PDF],[extraer de PDF],[extraer de PDF],Reparación Directa / Apelación,[extraer de PDF],20674,CONSIDERACIONES | HECHOS | DECISIÓN,3,0.188,0.246,0.850,0.223,—,—,—,—
3d645ce0e1168ecb…,A-CE,CE,2012,[ver metadata_corpus_a.csv],[extraer de PDF],[extraer de PDF],2012,[extraer de PDF],[extraer de PDF],[extraer de PDF],Reparación Directa / Apelación,[extraer de PDF],24200,CONSIDERACIONES | HECHOS | DECISIÓN,3,0.204,0.230,0.716,0.078,—,—,—,—
3e95682f11cf6ecb…,A-CE,CE,2005,[ver metadata_corpus_a.csv],[extraer de PDF],[extraer de PDF],2005,[extraer de PDF],[extraer de PDF],[extraer de PDF],Reparación Directa / Apelación,[extraer de PDF],16000,HECHOS | DECISIÓN,2,0.221,0.254,0.802,0.082,—,—,—,—
3f6c6c737fa1ae5e…,A-CE,CE,,[ver metadata_corpus_a.csv],[extraer de PDF],[extraer de PDF],,[extraer de PDF],[extraer de PDF],[extraer de PDF],Reparación Directa / Apelación,[extraer de PDF],10824,CONSIDERACIONES | DECISIÓN,2,0.207,0.262,1.000,0.053,—,—,—,—
4057d1ad8f86b3cf…,A-CSJ,CSJ,2016,[ver metadata_corpus_a.csv],[extraer de PDF],[extraer de PDF],2016,[extraer de PDF],[extraer de PDF],[extraer de PDF],Reparación Directa / Apelación,[extraer de PDF],8751,CONSIDERACIONES | DECISIÓN,2,0.227,0.252,1.000,0.000,—,—,—,—
40bb3c6463aa0583…,A-CSJ,CSJ,2015,[ver metadata_corpus_a.csv],[extraer de PDF],[extraer de PDF],2015,[extraer de PDF],[extraer de PDF],[extraer de PDF],Reparación Directa / Apelación,[extraer de PDF],9235,CONSIDERACIONES | DECISIÓN,2,0.220,0.255,0.871,0.059,—,—,—,—
41ceffd00ab85e79…,A-CE,CE,,[ver metadata_corpus_a.csv],[extraer de PDF],[extraer de PDF],,[extraer de PDF],[extraer de PDF],[extraer de PDF],Reparación Directa / Apelación,[extraer de PDF],15938,HECHOS | DECISIÓN,2,0.203,0.253,1.000,0.577,—,—,—,—
424b3b2ff0d91d37…,A-CE,CE,2000,[ver metadata_corpus_a.csv],[extraer de PDF],[extraer de PDF],2000,[extraer de PDF],[extraer de PDF],[extraer de PDF],Reparación Directa / Apelación,[extraer de PDF],16000,HECHOS | DECISIÓN,2,0.207,0.247,1.000,0.083,—,—,—,—
42adec3d5f421c72…,A-CE,CE,,[ver metadata_corpus_a.csv],[extraer de PDF],[extraer de PDF],,[extraer de PDF],[extraer de PDF],[extraer de PDF],Reparación Directa / Apelación,[extraer de PDF],24000,HECHOS | CONSIDERACIONES | DECISIÓN,3,0.206,0.245,1.000,0.075,—,—,—,—
44413afc8bd69f07…,A-CSJ,CSJ,2013,[ver metadata_corpus_a.csv],[extraer de PDF],[extraer de PDF],2013,[extraer de PDF],[extraer de PDF],[extraer de PDF],Reparación Directa / Apelación,[extraer de PDF],1147,HECHOS | DECISIÓN,2,0.239,0.280,0.760,0.000,—,—,—,—
456b33c2da9d55d5…,A-CE,CE,2003,[ver metadata_corpus_a.csv],[extraer de PDF],[extraer de PDF],2003,[extraer de PDF],[extraer de PDF],[extraer de PDF],Reparación Directa / Apelación,[extraer de PDF],15338,CONSIDERACIONES,1,0.225,0.259,1.000,0.156,—,—,—,—
466c0f272f36469e…,A-CSJ,CSJ,2015,[ver metadata_corpus_a.csv],[extraer de PDF],[extraer de PDF],2015,[extraer de PDF],[extraer de PDF],[extraer de PDF],Reparación Directa / Apelación,[extraer de PDF],16603,HECHOS | CONSIDERACIONES | DECISIÓN,3,0.214,0.239,0.883,0.000,—,—,—,—
46c2cbd912acbbe2…,A-CE,CE,2001,[ver metadata_corpus_a.csv],[extraer de PDF],[extraer de PDF],2001,[extraer de PDF],[extraer de PDF],[extraer de PDF],Reparación Directa / Apelación,[extraer de PDF],9587,CONSIDERACIONES | DECISIÓN,2,0.225,0.278,1.000,0.024,—,—,—,—
46f73e71f130933a…,A-CE,CE,2017,[ver metadata_corpus_a.csv],[extraer de PDF],[extraer de PDF],2017,[extraer de PDF],[extraer de PDF],[extraer de PDF],Reparación Directa / Apelación,[extraer de PDF],16384,HECHOS | CONSIDERACIONES | DECISIÓN,3,0.202,0.247,0.883,0.054,—,—,—,—
47c342aab276844a…,A-CE,CE,,[ver metadata_corpus_a.csv],[extraer de PDF],[extraer de PDF],,[extraer de PDF],[extraer de PDF],[extraer de PDF],Reparación Directa / Apelación,[extraer de PDF],8788,CONSIDERACIONES | DECISIÓN,2,0.201,0.252,0.797,0.000,—,—,—,—
492a5569c6574715…,A-CE,CE,2005,[ver metadata_corpus_a.csv],[extraer de PDF],[extraer de PDF],2005,[extraer de PDF],[extraer de PDF],[extraer de PDF],Reparación Directa / Apelación,[extraer de PDF],8524,CONSIDERACIONES | DECISIÓN,2,0.205,0.239,0.662,0.000,—,—,—,—
49c68763984e5d9e…,A-CE,CE,2017,[ver metadata_corpus_a.csv],[extraer de PDF],[extraer de PDF],2017,[extraer de PDF],[extraer de PDF],[extraer de PDF],Reparación Directa / Apelación,[extraer de PDF],10231,CONSIDERACIONES | DECISIÓN,2,0.193,0.224,1.000,0.125,—,—,—,—
4a602a4e9037c342…,A-CE,CE,2003,[ver metadata_corpus_a.csv],[extraer de PDF],[extraer de PDF],2003,[extraer de PDF],[extraer de PDF],[extraer de PDF],Reparación Directa / Apelación,[extraer de PDF],10112,CONSIDERACIONES | DECISIÓN,2,0.140,0.190,1.000,0.500,—,—,—,—
4c84260b1cda2b5c…,A-CE,CE,2017,[ver metadata_corpus_a.csv],[extraer de PDF],[extraer de PDF],2017,[extraer de PDF],[extraer de PDF],[extraer de PDF],Reparación Directa / Apelación,[extraer de PDF],9723,CONSIDERACIONES | DECISIÓN,2,0.222,0.246,0.933,0.110,—,—,—,—
4d04f54b01999b47…,A-CE,CE,2017,[ver metadata_corpus_a.csv],[extraer de PDF],[extraer de PDF],2017,[extraer de PDF],[extraer de PDF],[extraer de PDF],Reparación Directa / Apelación,[extraer de PDF],9213,CONSIDERACIONES | DECISIÓN,2,0.156,0.204,1.000,0.000,—,—,—,—
4e618123e250d59b…,A-CE,CE,2019,[ver metadata_corpus_a.csv],[extraer de PDF],[extraer de PDF],2019,[extraer de PDF],[extraer de PDF],[extraer de PDF],Reparación Directa / Apelación,[extraer de PDF],12761,HECHOS | CONSIDERACIONES | DECISIÓN,3,0.211,0.262,1.000,0.269,—,—,—,—
4e65a8bde9be809a…,A-CSJ,CSJ,2018,[ver metadata_corpus_a.csv],[extraer de PDF],[extraer de PDF],2018,[extraer de PDF],[extraer de PDF],[extraer de PDF],Reparación Directa / Apelación,[extraer de PDF],9051,CONSIDERACIONES | DECISIÓN,2,0.190,0.237,1.000,0.130,—,—,—,—
4f02fad65f7f6752…,A-CSJ,CSJ,2016,[ver metadata_corpus_a.csv],[extraer de PDF],[extraer de PDF],2016,[extraer de PDF],[extraer de PDF],[extraer de PDF],Reparación Directa / Apelación,[extraer de PDF],8671,CONSIDERACIONES | DECISIÓN,2,0.242,0.284,1.000,0.000,—,—,—,—
5087ff8d325aba3d…,A-CE,CE,,[ver metadata_corpus_a.csv],[extraer de PDF],[extraer de PDF],,[extraer de PDF],[extraer de PDF],[extraer de PDF],Reparación Directa / Apelación,[extraer de PDF],3374,DECISIÓN,1,0.190,0.248,1.000,0.779,—,—,—,—
509f961769e57ed1…,A-CE,CE,2005,[ver metadata_corpus_a.csv],[extraer de PDF],[extraer de PDF],2005,[extraer de PDF],[extraer de PDF],[extraer de PDF],Reparación Directa / Apelación,[extraer de PDF],9253,CONSIDERACIONES | DECISIÓN,2,0.160,0.215,1.000,0.161,—,—,—,—
50a93dcc78eff844…,A-CSJ,CSJ,2015,[ver metadata_corpus_a.csv],[extraer de PDF],[extraer de PDF],2015,[extraer de PDF],[extraer de PDF],[extraer de PDF],Reparación Directa / Apelación,[extraer de PDF],10473,HECHOS | CONSIDERACIONES | DECISIÓN,3,0.190,0.236,1.000,0.000,—,—,—,—
51f6c0948856c260…,A-CSJ,CSJ,,[ver metadata_corpus_a.csv],[extraer de PDF],[extraer de PDF],,[extraer de PDF],[extraer de PDF],[extraer de PDF],Reparación Directa / Apelación,[extraer de PDF],1854,HECHOS | DECISIÓN,2,0.262,0.307,0.825,0.000,—,—,—,—
54214e95e02c9df9…,A-CSJ,CSJ,2014,[ver metadata_corpus_a.csv],[extraer de PDF],[extraer de PDF],2014,[extraer de PDF],[extraer de PDF],[extraer de PDF],Reparación Directa / Apelación,[extraer de PDF],9257,CONSIDERACIONES | DECISIÓN,2,0.213,0.240,1.000,0.000,—,—,—,—
54f16a9edb76f0c1…,A-CSJ,CSJ,2018,[ver metadata_corpus_a.csv],[extraer de PDF],[extraer de PDF],2018,[extraer de PDF],[extraer de PDF],[extraer de PDF],Reparación Directa / Apelación,[extraer de PDF],7679,CONSIDERACIONES | DECISIÓN,2,0.249,0.301,0.662,0.040,—,—,—,—
564e929ad9f0f0bd…,A-CE,CE,2017,[ver metadata_corpus_a.csv],[extraer de PDF],[extraer de PDF],2017,[extraer de PDF],[extraer de PDF],[extraer de PDF],Reparación Directa / Apelación,[extraer de PDF],6396,CONSIDERACIONES | DECISIÓN,2,0.167,0.215,0.841,0.000,—,—,—,—
56b1fce642a63450…,A-CE,CE,2017,[ver metadata_corpus_a.csv],[extraer de PDF],[extraer de PDF],2017,[extraer de PDF],[extraer de PDF],[extraer de PDF],Reparación Directa / Apelación,[extraer de PDF],8950,CONSIDERACIONES | DECISIÓN,2,0.213,0.235,0.906,0.145,—,—,—,—
56ccaa67b12645ed…,A-CE,CE,2003,[ver metadata_corpus_a.csv],[extraer de PDF],[extraer de PDF],2003,[extraer de PDF],[extraer de PDF],[extraer de PDF],Reparación Directa / Apelación,[extraer de PDF],9212,CONSIDERACIONES | DECISIÓN,2,0.176,0.222,1.000,0.358,—,—,—,—
5795a1a495c73d0a…,A-CSJ,CSJ,2017,[ver metadata_corpus_a.csv],[extraer de PDF],[extraer de PDF],2017,[extraer de PDF],[extraer de PDF],[extraer de PDF],Reparación Directa / Apelación,[extraer de PDF],14928,HECHOS | CONSIDERACIONES | DECISIÓN,3,0.254,0.295,1.000,0.033,—,—,—,—
579957b654b50e43…,A-CSJ,CSJ,2000,[ver metadata_corpus_a.csv],[extraer de PDF],[extraer de PDF],2000,[extraer de PDF],[extraer de PDF],[extraer de PDF],Reparación Directa / Apelación,[extraer de PDF],16210,CONSIDERACIONES | DECISIÓN,2,0.195,0.260,1.000,0.034,—,—,—,—
582a0ca996f8f4da…,A-CSJ,CSJ,2014,[ver metadata_corpus_a.csv],[extraer de PDF],[extraer de PDF],2014,[extraer de PDF],[extraer de PDF],[extraer de PDF],Reparación Directa / Apelación,[extraer de PDF],5992,CONSIDERACIONES | DECISIÓN,2,0.168,0.222,0.716,0.101,—,—,—,—
58ca5969441aa9f2…,A-CE,CE,,[ver metadata_corpus_a.csv],[extraer de PDF],[extraer de PDF],,[extraer de PDF],[extraer de PDF],[extraer de PDF],Reparación Directa / Apelación,[extraer de PDF],605,DECISIÓN,1,0.242,0.271,0.520,0.000,—,—,—,—
5b2ca880cd1d9f46…,A-CSJ,CSJ,2007,[ver metadata_corpus_a.csv],[extraer de PDF],[extraer de PDF],2007,[extraer de PDF],[extraer de PDF],[extraer de PDF],Reparación Directa / Apelación,[extraer de PDF],8523,CONSIDERACIONES | DECISIÓN,2,0.247,0.286,0.940,0.026,—,—,—,—
5b69527a56abd944…,A-CSJ,CSJ,2010,[ver metadata_corpus_a.csv],[extraer de PDF],[extraer de PDF],2010,[extraer de PDF],[extraer de PDF],[extraer de PDF],Reparación Directa / Apelación,[extraer de PDF],1497,HECHOS | DECISIÓN,2,0.246,0.284,0.662,0.000,—,—,—,—
5c15f0d320ed9c98…,A-CE,CE,2005,[ver metadata_corpus_a.csv],[extraer de PDF],[extraer de PDF],2005,[extraer de PDF],[extraer de PDF],[extraer de PDF],Reparación Directa / Apelación,[extraer de PDF],8881,CONSIDERACIONES | DECISIÓN,2,0.175,0.222,0.861,0.000,—,—,—,—
5d262916b690464e…,A-CE,CE,2007,[ver metadata_corpus_a.csv],[extraer de PDF],[extraer de PDF],2007,[extraer de PDF],[extraer de PDF],[extraer de PDF],Reparación Directa / Apelación,[extraer de PDF],27319,CONSIDERACIONES | DECISIÓN,2,0.187,0.246,0.800,0.085,—,—,—,—
5d3a164339e07905…,A-CE,CE,2014,[ver metadata_corpus_a.csv],[extraer de PDF],[extraer de PDF],2014,[extraer de PDF],[extraer de PDF],[extraer de PDF],Reparación Directa / Apelación,[extraer de PDF],36449,HECHOS | CONSIDERACIONES | DECISIÓN,3,0.202,0.250,0.958,0.122,—,—,—,—
5d9f344ca202681a…,A-CE,CE,2004,[ver metadata_corpus_a.csv],[extraer de PDF],[extraer de PDF],2004,[extraer de PDF],[extraer de PDF],[extraer de PDF],Reparación Directa / Apelación,[extraer de PDF],3196,DECISIÓN,1,0.173,0.226,1.000,0.495,—,—,—,—
5ee19e3ec4b05a74…,A-CSJ,CSJ,2016,[ver metadata_corpus_a.csv],[extraer de PDF],[extraer de PDF],2016,[extraer de PDF],[extraer de PDF],[extraer de PDF],Reparación Directa / Apelación,[extraer de PDF],9341,HECHOS | CONSIDERACIONES | DECISIÓN,3,0.183,0.223,1.000,0.034,—,—,—,—
60fe3a5fe8639d76…,A-CSJ,CSJ,2018,[ver metadata_corpus_a.csv],[extraer de PDF],[extraer de PDF],2018,[extraer de PDF],[extraer de PDF],[extraer de PDF],Reparación Directa / Apelación,[extraer de PDF],9046,CONSIDERACIONES | DECISIÓN,2,0.203,0.220,0.964,0.074,—,—,—,—
6142253bdf38cd5c…,A-CSJ,CSJ,2016,[ver metadata_corpus_a.csv],[extraer de PDF],[extraer de PDF],2016,[extraer de PDF],[extraer de PDF],[extraer de PDF],Reparación Directa / Apelación,[extraer de PDF],8607,CONSIDERACIONES | DECISIÓN,2,0.246,0.285,0.630,0.062,—,—,—,—
61c54929ab3781f5…,A-CE,CE,2018,[ver metadata_corpus_a.csv],[extraer de PDF],[extraer de PDF],2018,[extraer de PDF],[extraer de PDF],[extraer de PDF],Reparación Directa / Apelación,[extraer de PDF],12064,HECHOS | CONSIDERACIONES | DECISIÓN,3,0.231,0.282,0.803,0.023,—,—,—,—
6394eb6138b13ab1…,A-CE,CE,2021,[ver metadata_corpus_a.csv],[extraer de PDF],[extraer de PDF],2021,[extraer de PDF],[extraer de PDF],[extraer de PDF],Reparación Directa / Apelación,[extraer de PDF],2724,DECISIÓN,1,0.168,0.232,1.000,0.222,—,—,—,—
66f4e08f6b0a8149…,A-CE,CE,,[ver metadata_corpus_a.csv],[extraer de PDF],[extraer de PDF],,[extraer de PDF],[extraer de PDF],[extraer de PDF],Reparación Directa / Apelación,[extraer de PDF],15805,CONSIDERACIONES | DECISIÓN,2,0.169,0.218,1.000,0.162,—,—,—,—
688ad821ace128f0…,A-CE,CE,2007,[ver metadata_corpus_a.csv],[extraer de PDF],[extraer de PDF],2007,[extraer de PDF],[extraer de PDF],[extraer de PDF],Reparación Directa / Apelación,[extraer de PDF],2984,DECISIÓN,1,0.246,0.292,0.607,0.000,—,—,—,—
689bbf4b90d26cec…,A-CE,CE,2018,[ver metadata_corpus_a.csv],[extraer de PDF],[extraer de PDF],2018,[extraer de PDF],[extraer de PDF],[extraer de PDF],Reparación Directa / Apelación,[extraer de PDF],994,DECISIÓN,1,0.189,0.227,0.825,0.000,—,—,—,—
6cbd498b0828a051…,A-CE,CE,2007,[ver metadata_corpus_a.csv],[extraer de PDF],[extraer de PDF],2007,[extraer de PDF],[extraer de PDF],[extraer de PDF],Reparación Directa / Apelación,[extraer de PDF],11960,CONSIDERACIONES | DECISIÓN,2,0.175,0.233,1.000,0.135,—,—,—,—
6fee7f9e0570c157…,A-CE,CE,,[ver metadata_corpus_a.csv],[extraer de PDF],[extraer de PDF],,[extraer de PDF],[extraer de PDF],[extraer de PDF],Reparación Directa / Apelación,[extraer de PDF],16000,CONSIDERACIONES | DECISIÓN,2,0.266,0.303,1.000,0.180,—,—,—,—
70c691d7fd400f79…,A-CE,CE,2007,[ver metadata_corpus_a.csv],[extraer de PDF],[extraer de PDF],2007,[extraer de PDF],[extraer de PDF],[extraer de PDF],Reparación Directa / Apelación,[extraer de PDF],11989,HECHOS | DECISIÓN,2,0.208,0.255,0.795,0.034,—,—,—,—
719e6b74d9fabde6…,A-CE,CE,2014,[ver metadata_corpus_a.csv],[extraer de PDF],[extraer de PDF],2014,[extraer de PDF],[extraer de PDF],[extraer de PDF],Reparación Directa / Apelación,[extraer de PDF],14538,HECHOS | CONSIDERACIONES | DECISIÓN,3,0.198,0.252,0.927,0.000,—,—,—,—
724eee2e14b8e2ab…,A-CSJ,CSJ,2014,[ver metadata_corpus_a.csv],[extraer de PDF],[extraer de PDF],2014,[extraer de PDF],[extraer de PDF],[extraer de PDF],Reparación Directa / Apelación,[extraer de PDF],7717,HECHOS | CONSIDERACIONES | DECISIÓN,3,0.215,0.264,0.883,0.000,—,—,—,—
74e7e6f7a44ea3df…,A-CSJ,CSJ,2014,[ver metadata_corpus_a.csv],[extraer de PDF],[extraer de PDF],2014,[extraer de PDF],[extraer de PDF],[extraer de PDF],Reparación Directa / Apelación,[extraer de PDF],6827,CONSIDERACIONES,1,0.204,0.240,1.000,0.321,—,—,—,—
7645582bce3db055…,A-CSJ,CSJ,2016,[ver metadata_corpus_a.csv],[extraer de PDF],[extraer de PDF],2016,[extraer de PDF],[extraer de PDF],[extraer de PDF],Reparación Directa / Apelación,[extraer de PDF],737,DECISIÓN,1,0.236,0.273,0.325,0.000,—,—,—,—
771e9779f623140a…,A-CE,CE,2012,[ver metadata_corpus_a.csv],[extraer de PDF],[extraer de PDF],2012,[extraer de PDF],[extraer de PDF],[extraer de PDF],Reparación Directa / Apelación,[extraer de PDF],16199,CONSIDERACIONES | DECISIÓN,2,0.187,0.217,1.000,0.041,—,—,—,—
7810f1a05d333148…,A-CSJ,CSJ,2013,[ver metadata_corpus_a.csv],[extraer de PDF],[extraer de PDF],2013,[extraer de PDF],[extraer de PDF],[extraer de PDF],Reparación Directa / Apelación,[extraer de PDF],8000,CONSIDERACIONES,1,0.207,0.267,1.000,0.000,—,—,—,—
7909efeac68ce777…,A-CE,CE,2007,[ver metadata_corpus_a.csv],[extraer de PDF],[extraer de PDF],2007,[extraer de PDF],[extraer de PDF],[extraer de PDF],Reparación Directa / Apelación,[extraer de PDF],27853,CONSIDERACIONES | HECHOS | DECISIÓN,3,0.234,0.266,0.788,0.000,—,—,—,—
795b680b187d3c7a…,A-CE,CE,2017,[ver metadata_corpus_a.csv],[extraer de PDF],[extraer de PDF],2017,[extraer de PDF],[extraer de PDF],[extraer de PDF],Reparación Directa / Apelación,[extraer de PDF],10215,CONSIDERACIONES | DECISIÓN,2,0.198,0.243,1.000,0.141,—,—,—,—
7965f19b2b4f0763…,A-CE,CE,2008,[ver metadata_corpus_a.csv],[extraer de PDF],[extraer de PDF],2008,[extraer de PDF],[extraer de PDF],[extraer de PDF],Reparación Directa / Apelación,[extraer de PDF],12913,CONSIDERACIONES | DECISIÓN,2,0.174,0.236,1.000,0.000,—,—,—,—
79da7d3fdfcfc385…,A-CE,CE,2018,[ver metadata_corpus_a.csv],[extraer de PDF],[extraer de PDF],2018,[extraer de PDF],[extraer de PDF],[extraer de PDF],Reparación Directa / Apelación,[extraer de PDF],9827,CONSIDERACIONES | DECISIÓN,2,0.210,0.241,1.000,0.395,—,—,—,—
7b47a4d7d758fa54…,A-CE,CE,2013,[ver metadata_corpus_a.csv],[extraer de PDF],[extraer de PDF],2013,[extraer de PDF],[extraer de PDF],[extraer de PDF],Reparación Directa / Apelación,[extraer de PDF],7988,CONSIDERACIONES | DECISIÓN,2,0.261,0.282,0.627,0.043,—,—,—,—
7de7edb69d97de48…,A-CE,CE,2017,[ver metadata_corpus_a.csv],[extraer de PDF],[extraer de PDF],2017,[extraer de PDF],[extraer de PDF],[extraer de PDF],Reparación Directa / Apelación,[extraer de PDF],9052,CONSIDERACIONES | DECISIÓN,2,0.192,0.228,0.933,0.069,—,—,—,—
7efa27692854007d…,A-CE,CE,2016,[ver metadata_corpus_a.csv],[extraer de PDF],[extraer de PDF],2016,[extraer de PDF],[extraer de PDF],[extraer de PDF],Reparación Directa / Apelación,[extraer de PDF],16693,HECHOS | CONSIDERACIONES | DECISIÓN,3,0.195,0.233,0.956,0.270,—,—,—,—
7ffc5e67928f3a01…,A-CE,CE,2012,[ver metadata_corpus_a.csv],[extraer de PDF],[extraer de PDF],2012,[extraer de PDF],[extraer de PDF],[extraer de PDF],Reparación Directa / Apelación,[extraer de PDF],705,DECISIÓN,1,0.233,0.288,0.650,0.000,—,—,—,—
828d11620a20da7e…,A-CSJ,CSJ,2013,[ver metadata_corpus_a.csv],[extraer de PDF],[extraer de PDF],2013,[extraer de PDF],[extraer de PDF],[extraer de PDF],Reparación Directa / Apelación,[extraer de PDF],8000,CONSIDERACIONES,1,0.248,0.303,1.000,0.000,—,—,—,—
829402b726f228fe…,A-CE,CE,2017,[ver metadata_corpus_a.csv],[extraer de PDF],[extraer de PDF],2017,[extraer de PDF],[extraer de PDF],[extraer de PDF],Reparación Directa / Apelación,[extraer de PDF],16191,CONSIDERACIONES | CARGOS | DECISIÓN,3,0.241,0.292,0.988,0.000,—,—,—,—
8383f2a4b777890b…,A-CE,CE,2017,[ver metadata_corpus_a.csv],[extraer de PDF],[extraer de PDF],2017,[extraer de PDF],[extraer de PDF],[extraer de PDF],Reparación Directa / Apelación,[extraer de PDF],9138,CONSIDERACIONES | DECISIÓN,2,0.207,0.246,1.000,0.056,—,—,—,—
849bf9553f4f6fb2…,A-CSJ,CSJ,2014,[ver metadata_corpus_a.csv],[extraer de PDF],[extraer de PDF],2014,[extraer de PDF],[extraer de PDF],[extraer de PDF],Reparación Directa / Apelación,[extraer de PDF],1445,DECISIÓN,1,0.284,0.311,0.487,0.225,—,—,—,—
86612fca64bcb05a…,A-CE,CE,2005,[ver metadata_corpus_a.csv],[extraer de PDF],[extraer de PDF],2005,[extraer de PDF],[extraer de PDF],[extraer de PDF],Reparación Directa / Apelación,[extraer de PDF],21036,HECHOS | CONSIDERACIONES | DECISIÓN,3,0.206,0.256,0.980,0.105,—,—,—,—
8695e3bbff2b1626…,A-CSJ,CSJ,2014,[ver metadata_corpus_a.csv],[extraer de PDF],[extraer de PDF],2014,[extraer de PDF],[extraer de PDF],[extraer de PDF],Reparación Directa / Apelación,[extraer de PDF],5971,CONSIDERACIONES | DECISIÓN,2,0.268,0.318,1.000,0.000,—,—,—,—
8698957dce8f3b06…,A-CE,CE,,[ver metadata_corpus_a.csv],[extraer de PDF],[extraer de PDF],,[extraer de PDF],[extraer de PDF],[extraer de PDF],Reparación Directa / Apelación,[extraer de PDF],2666,DECISIÓN,1,0.181,0.229,1.000,0.000,—,—,—,—
86c58e3302ae7ea2…,A-CE,CE,2016,[ver metadata_corpus_a.csv],[extraer de PDF],[extraer de PDF],2016,[extraer de PDF],[extraer de PDF],[extraer de PDF],Reparación Directa / Apelación,[extraer de PDF],69676,CONSIDERACIONES | DECISIÓN | HECHOS | CARGOS,4,0.202,0.222,0.883,0.015,—,—,—,—
8752ccb0cdc41f44…,A-CSJ,CSJ,2014,[ver metadata_corpus_a.csv],[extraer de PDF],[extraer de PDF],2014,[extraer de PDF],[extraer de PDF],[extraer de PDF],Reparación Directa / Apelación,[extraer de PDF],8000,CONSIDERACIONES,1,0.209,0.250,1.000,0.000,—,—,—,—
8906a05addaf7367…,A-CSJ,CSJ,2015,[ver metadata_corpus_a.csv],[extraer de PDF],[extraer de PDF],2015,[extraer de PDF],[extraer de PDF],[extraer de PDF],Reparación Directa / Apelación,[extraer de PDF],8949,HECHOS | DECISIÓN,2,0.160,0.212,0.890,0.000,—,—,—,—
8990f6200a9b0a5a…,A-CE,CE,2018,[ver metadata_corpus_a.csv],[extraer de PDF],[extraer de PDF],2018,[extraer de PDF],[extraer de PDF],[extraer de PDF],Reparación Directa / Apelación,[extraer de PDF],12601,HECHOS | CONSIDERACIONES | DECISIÓN,3,0.180,0.218,0.883,0.546,—,—,—,—
89cb54f99680da08…,A-CE,CE,,[ver metadata_corpus_a.csv],[extraer de PDF],[extraer de PDF],,[extraer de PDF],[extraer de PDF],[extraer de PDF],Reparación Directa / Apelación,[extraer de PDF],9216,CONSIDERACIONES | DECISIÓN,2,0.224,0.266,0.931,0.000,—,—,—,—
8a736052e4150c4e…,A-CE,CE,2007,[ver metadata_corpus_a.csv],[extraer de PDF],[extraer de PDF],2007,[extraer de PDF],[extraer de PDF],[extraer de PDF],Reparación Directa / Apelación,[extraer de PDF],23626,CONSIDERACIONES | HECHOS | DECISIÓN,3,0.191,0.206,0.800,0.123,—,—,—,—
8ae9435d3ce08867…,A-CE,CE,,[ver metadata_corpus_a.csv],[extraer de PDF],[extraer de PDF],,[extraer de PDF],[extraer de PDF],[extraer de PDF],Reparación Directa / Apelación,[extraer de PDF],24000,CONSIDERACIONES | DECISIÓN,2,0.173,0.224,1.000,0.278,—,—,—,—
8f8692086f524ad2…,A-CSJ,CSJ,2016,[ver metadata_corpus_a.csv],[extraer de PDF],[extraer de PDF],2016,[extraer de PDF],[extraer de PDF],[extraer de PDF],Reparación Directa / Apelación,[extraer de PDF],8738,CONSIDERACIONES | DECISIÓN,2,0.207,0.247,0.933,0.086,—,—,—,—
8fb4a679e739d9a7…,A-CE,CE,2012,[ver metadata_corpus_a.csv],[extraer de PDF],[extraer de PDF],2012,[extraer de PDF],[extraer de PDF],[extraer de PDF],Reparación Directa / Apelación,[extraer de PDF],12690,CONSIDERACIONES | DECISIÓN,2,0.226,0.280,1.000,0.030,—,—,—,—
8fba60217966df3e…,A-CSJ,CSJ,2017,[ver metadata_corpus_a.csv],[extraer de PDF],[extraer de PDF],2017,[extraer de PDF],[extraer de PDF],[extraer de PDF],Reparación Directa / Apelación,[extraer de PDF],847,DECISIÓN,1,0.214,0.254,1.000,0.000,—,—,—,—
8fd4f9a0479eb282…,A-CE,CE,2015,[ver metadata_corpus_a.csv],[extraer de PDF],[extraer de PDF],2015,[extraer de PDF],[extraer de PDF],[extraer de PDF],Reparación Directa / Apelación,[extraer de PDF],16433,CONSIDERACIONES | DECISIÓN,2,0.186,0.228,0.667,0.224,—,—,—,—
920842d40706ca51…,A-CSJ,CSJ,2014,[ver metadata_corpus_a.csv],[extraer de PDF],[extraer de PDF],2014,[extraer de PDF],[extraer de PDF],[extraer de PDF],Reparación Directa / Apelación,[extraer de PDF],12274,HECHOS | CONSIDERACIONES | DECISIÓN,3,0.205,0.255,0.992,0.000,—,—,—,—
92de0775e7d0c941…,A-CE,CE,,[ver metadata_corpus_a.csv],[extraer de PDF],[extraer de PDF],,[extraer de PDF],[extraer de PDF],[extraer de PDF],Reparación Directa / Apelación,[extraer de PDF],1514,DECISIÓN,1,0.199,0.247,0.743,0.000,—,—,—,—
93089bb3d1b4f92d…,A-CSJ,CSJ,2014,[ver metadata_corpus_a.csv],[extraer de PDF],[extraer de PDF],2014,[extraer de PDF],[extraer de PDF],[extraer de PDF],Reparación Directa / Apelación,[extraer de PDF],8720,CONSIDERACIONES | DECISIÓN,2,0.223,0.248,0.608,0.086,—,—,—,—
93cd493c18bc96eb…,A-CE,CE,,[ver metadata_corpus_a.csv],[extraer de PDF],[extraer de PDF],,[extraer de PDF],[extraer de PDF],[extraer de PDF],Reparación Directa / Apelación,[extraer de PDF],20521,CONSIDERACIONES | HECHOS | DECISIÓN,3,0.234,0.292,0.952,0.073,—,—,—,—
940bc8b018467051…,A-CSJ,CSJ,2019,[ver metadata_corpus_a.csv],[extraer de PDF],[extraer de PDF],2019,[extraer de PDF],[extraer de PDF],[extraer de PDF],Reparación Directa / Apelación,[extraer de PDF],8955,CONSIDERACIONES | DECISIÓN,2,0.161,0.206,0.890,0.065,—,—,—,—
9426d4a89f8bc302…,A-CSJ,CSJ,2014,[ver metadata_corpus_a.csv],[extraer de PDF],[extraer de PDF],2014,[extraer de PDF],[extraer de PDF],[extraer de PDF],Reparación Directa / Apelación,[extraer de PDF],8473,CONSIDERACIONES | DECISIÓN,2,0.229,0.276,0.988,0.000,—,—,—,—
9561dc53d21bcaf1…,A-CSJ,CSJ,2015,[ver metadata_corpus_a.csv],[extraer de PDF],[extraer de PDF],2015,[extraer de PDF],[extraer de PDF],[extraer de PDF],Reparación Directa / Apelación,[extraer de PDF],9876,HECHOS | CONSIDERACIONES | DECISIÓN,3,0.250,0.277,0.811,0.000,—,—,—,—
963ef8d22e1d9588…,A-CE,CE,,[ver metadata_corpus_a.csv],[extraer de PDF],[extraer de PDF],,[extraer de PDF],[extraer de PDF],[extraer de PDF],Reparación Directa / Apelación,[extraer de PDF],12778,CONSIDERACIONES | DECISIÓN,2,0.170,0.228,1.000,0.176,—,—,—,—
997f40b40ded4430…,A-CE,CE,2018,[ver metadata_corpus_a.csv],[extraer de PDF],[extraer de PDF],2018,[extraer de PDF],[extraer de PDF],[extraer de PDF],Reparación Directa / Apelación,[extraer de PDF],8764,CONSIDERACIONES | DECISIÓN,2,0.224,0.274,1.000,0.120,—,—,—,—
9b9937638e2e2408…,A-CE,CE,2011,[ver metadata_corpus_a.csv],[extraer de PDF],[extraer de PDF],2011,[extraer de PDF],[extraer de PDF],[extraer de PDF],Reparación Directa / Apelación,[extraer de PDF],1620,DECISIÓN,1,0.178,0.252,0.500,0.000,—,—,—,—
9c24fba0ba7a0a46…,A-CSJ,CSJ,2014,[ver metadata_corpus_a.csv],[extraer de PDF],[extraer de PDF],2014,[extraer de PDF],[extraer de PDF],[extraer de PDF],Reparación Directa / Apelación,[extraer de PDF],2022,HECHOS | DECISIÓN,2,0.234,0.297,0.861,0.000,—,—,—,—
9c9810687ab3fcab…,A-CE,CE,2009,[ver metadata_corpus_a.csv],[extraer de PDF],[extraer de PDF],2009,[extraer de PDF],[extraer de PDF],[extraer de PDF],Reparación Directa / Apelación,[extraer de PDF],19189,HECHOS | CONSIDERACIONES | DECISIÓN,3,0.178,0.229,1.000,0.083,—,—,—,—
9e1ad91a57791069…,A-CE,CE,,[ver metadata_corpus_a.csv],[extraer de PDF],[extraer de PDF],,[extraer de PDF],[extraer de PDF],[extraer de PDF],Reparación Directa / Apelación,[extraer de PDF],10688,CONSIDERACIONES | DECISIÓN,2,0.205,0.249,0.914,0.190,—,—,—,—
9e69f9bcbc95fe0c…,A-CE,CE,,[ver metadata_corpus_a.csv],[extraer de PDF],[extraer de PDF],,[extraer de PDF],[extraer de PDF],[extraer de PDF],Reparación Directa / Apelación,[extraer de PDF],8000,DECISIÓN,1,0.142,0.193,1.000,0.143,—,—,—,—
a07146779a6dd756…,A-CE,CE,2011,[ver metadata_corpus_a.csv],[extraer de PDF],[extraer de PDF],2011,[extraer de PDF],[extraer de PDF],[extraer de PDF],Reparación Directa / Apelación,[extraer de PDF],9446,HECHOS | DECISIÓN,2,0.209,0.254,0.608,0.068,—,—,—,—
a0a90e425086749a…,A-CE,CE,,[ver metadata_corpus_a.csv],[extraer de PDF],[extraer de PDF],,[extraer de PDF],[extraer de PDF],[extraer de PDF],Reparación Directa / Apelación,[extraer de PDF],493,DECISIÓN,1,0.190,0.225,0.000,0.000,—,—,—,—
a2a0d6158d9ba6d9…,A-CE,CE,2005,[ver metadata_corpus_a.csv],[extraer de PDF],[extraer de PDF],2005,[extraer de PDF],[extraer de PDF],[extraer de PDF],Reparación Directa / Apelación,[extraer de PDF],9271,CONSIDERACIONES | DECISIÓN,2,0.158,0.199,1.000,0.161,—,—,—,—
a378f835f8de9d90…,A-CSJ,CSJ,2013,[ver metadata_corpus_a.csv],[extraer de PDF],[extraer de PDF],2013,[extraer de PDF],[extraer de PDF],[extraer de PDF],Reparación Directa / Apelación,[extraer de PDF],1514,DECISIÓN,1,0.213,0.247,0.756,0.281,—,—,—,—
a401074525a27dc4…,A-CE,CE,2017,[ver metadata_corpus_a.csv],[extraer de PDF],[extraer de PDF],2017,[extraer de PDF],[extraer de PDF],[extraer de PDF],Reparación Directa / Apelación,[extraer de PDF],8971,CONSIDERACIONES | DECISIÓN,2,0.191,0.235,0.933,0.045,—,—,—,—
a456317fa574c28c…,A-CE,CE,2017,[ver metadata_corpus_a.csv],[extraer de PDF],[extraer de PDF],2017,[extraer de PDF],[extraer de PDF],[extraer de PDF],Reparación Directa / Apelación,[extraer de PDF],9079,CONSIDERACIONES | DECISIÓN,2,0.170,0.211,1.000,0.000,—,—,—,—
a4a3e6dd75b71212…,A-CE,CE,2017,[ver metadata_corpus_a.csv],[extraer de PDF],[extraer de PDF],2017,[extraer de PDF],[extraer de PDF],[extraer de PDF],Reparación Directa / Apelación,[extraer de PDF],8929,CONSIDERACIONES | DECISIÓN,2,0.206,0.239,1.000,0.037,—,—,—,—
a4e132f42a430a86…,A-CE,CE,2009,[ver metadata_corpus_a.csv],[extraer de PDF],[extraer de PDF],2009,[extraer de PDF],[extraer de PDF],[extraer de PDF],Reparación Directa / Apelación,[extraer de PDF],2808,DECISIÓN,1,0.153,0.236,1.000,0.725,—,—,—,—
a5acda67e247666b…,A-CSJ,CSJ,2016,[ver metadata_corpus_a.csv],[extraer de PDF],[extraer de PDF],2016,[extraer de PDF],[extraer de PDF],[extraer de PDF],Reparación Directa / Apelación,[extraer de PDF],3148,CONSIDERACIONES | DECISIÓN,2,0.256,0.276,0.964,0.000,—,—,—,—
a5fe81001ff8ad88…,A-CE,CE,,[ver metadata_corpus_a.csv],[extraer de PDF],[extraer de PDF],,[extraer de PDF],[extraer de PDF],[extraer de PDF],Reparación Directa / Apelación,[extraer de PDF],8551,CONSIDERACIONES | DECISIÓN,2,0.200,0.243,0.857,0.000,—,—,—,—
a7b8b3f9e00f5560…,A-CE,CE,,[ver metadata_corpus_a.csv],[extraer de PDF],[extraer de PDF],,[extraer de PDF],[extraer de PDF],[extraer de PDF],Reparación Directa / Apelación,[extraer de PDF],13174,CONSIDERACIONES | HECHOS | DECISIÓN,3,0.179,0.216,0.704,0.000,—,—,—,—
a84bf55576359881…,A-CSJ,CSJ,2016,[ver metadata_corpus_a.csv],[extraer de PDF],[extraer de PDF],2016,[extraer de PDF],[extraer de PDF],[extraer de PDF],Reparación Directa / Apelación,[extraer de PDF],9322,HECHOS | CONSIDERACIONES | DECISIÓN,3,0.189,0.241,0.927,0.069,—,—,—,—
a8a3c7f204880ad2…,A-CE,CE,2021,[ver metadata_corpus_a.csv],[extraer de PDF],[extraer de PDF],2021,[extraer de PDF],[extraer de PDF],[extraer de PDF],Reparación Directa / Apelación,[extraer de PDF],5430,DECISIÓN | CONSIDERACIONES,2,0.200,0.242,1.000,0.500,—,—,—,—
a926896c2c238b5b…,A-CSJ,CSJ,2014,[ver metadata_corpus_a.csv],[extraer de PDF],[extraer de PDF],2014,[extraer de PDF],[extraer de PDF],[extraer de PDF],Reparación Directa / Apelación,[extraer de PDF],11249,HECHOS | CONSIDERACIONES | DECISIÓN,3,0.259,0.284,0.973,0.000,—,—,—,—
ae34bd6296146e45…,A-CSJ,CSJ,2015,[ver metadata_corpus_a.csv],[extraer de PDF],[extraer de PDF],2015,[extraer de PDF],[extraer de PDF],[extraer de PDF],Reparación Directa / Apelación,[extraer de PDF],1181,DECISIÓN,1,0.225,0.276,0.780,0.321,—,—,—,—
ae46f73439902655…,A-CE,CE,2006,[ver metadata_corpus_a.csv],[extraer de PDF],[extraer de PDF],2006,[extraer de PDF],[extraer de PDF],[extraer de PDF],Reparación Directa / Apelación,[extraer de PDF],14672,CONSIDERACIONES | DECISIÓN,2,0.187,0.222,0.618,0.000,—,—,—,—
ae9e6581dbdc3407…,A-CSJ,CSJ,2016,[ver metadata_corpus_a.csv],[extraer de PDF],[extraer de PDF],2016,[extraer de PDF],[extraer de PDF],[extraer de PDF],Reparación Directa / Apelación,[extraer de PDF],8000,CONSIDERACIONES,1,0.262,0.299,1.000,0.000,—,—,—,—
aeab01bc5cd03110…,A-CSJ,CSJ,2013,[ver metadata_corpus_a.csv],[extraer de PDF],[extraer de PDF],2013,[extraer de PDF],[extraer de PDF],[extraer de PDF],Reparación Directa / Apelación,[extraer de PDF],9089,CONSIDERACIONES | DECISIÓN,2,0.258,0.292,0.739,0.000,—,—,—,—
b05f381ca34ae4be…,A-CE,CE,2018,[ver metadata_corpus_a.csv],[extraer de PDF],[extraer de PDF],2018,[extraer de PDF],[extraer de PDF],[extraer de PDF],Reparación Directa / Apelación,[extraer de PDF],8611,HECHOS | DECISIÓN,2,0.176,0.248,0.890,0.120,—,—,—,—
b0684112e798e12a…,A-CSJ,CSJ,2015,[ver metadata_corpus_a.csv],[extraer de PDF],[extraer de PDF],2015,[extraer de PDF],[extraer de PDF],[extraer de PDF],Reparación Directa / Apelación,[extraer de PDF],8618,CONSIDERACIONES | DECISIÓN,2,0.210,0.248,0.933,0.000,—,—,—,—
b0df2b8eaff4ca6d…,A-CSJ,CSJ,2014,[ver metadata_corpus_a.csv],[extraer de PDF],[extraer de PDF],2014,[extraer de PDF],[extraer de PDF],[extraer de PDF],Reparación Directa / Apelación,[extraer de PDF],8532,CONSIDERACIONES | DECISIÓN,2,0.216,0.241,1.000,0.000,—,—,—,—
b12cf5c14bcafce0…,A-CSJ,CSJ,2014,[ver metadata_corpus_a.csv],[extraer de PDF],[extraer de PDF],2014,[extraer de PDF],[extraer de PDF],[extraer de PDF],Reparación Directa / Apelación,[extraer de PDF],10872,HECHOS | CONSIDERACIONES | DECISIÓN,3,0.218,0.262,0.804,0.000,—,—,—,—
b1be861bfbf57198…,A-CE,CE,,[ver metadata_corpus_a.csv],[extraer de PDF],[extraer de PDF],,[extraer de PDF],[extraer de PDF],[extraer de PDF],Reparación Directa / Apelación,[extraer de PDF],1474,DECISIÓN,1,0.239,0.284,0.939,0.000,—,—,—,—
b20fe3243343cef0…,A-CE,CE,,[ver metadata_corpus_a.csv],[extraer de PDF],[extraer de PDF],,[extraer de PDF],[extraer de PDF],[extraer de PDF],Reparación Directa / Apelación,[extraer de PDF],306,DECISIÓN,1,0.276,0.311,0.000,0.000,—,—,—,—
b25be1e4f4bc77b8…,A-CSJ,CSJ,2014,[ver metadata_corpus_a.csv],[extraer de PDF],[extraer de PDF],2014,[extraer de PDF],[extraer de PDF],[extraer de PDF],Reparación Directa / Apelación,[extraer de PDF],8683,CONSIDERACIONES | DECISIÓN,2,0.229,0.277,0.933,0.000,—,—,—,—
b290640286fba249…,A-CE,CE,2011,[ver metadata_corpus_a.csv],[extraer de PDF],[extraer de PDF],2011,[extraer de PDF],[extraer de PDF],[extraer de PDF],Reparación Directa / Apelación,[extraer de PDF],1409,DECISIÓN,1,0.264,0.305,0.196,0.000,—,—,—,—
b4885a59c00544b7…,A-CSJ,CSJ,2015,[ver metadata_corpus_a.csv],[extraer de PDF],[extraer de PDF],2015,[extraer de PDF],[extraer de PDF],[extraer de PDF],Reparación Directa / Apelación,[extraer de PDF],8609,CONSIDERACIONES | DECISIÓN,2,0.179,0.225,0.988,0.000,—,—,—,—
b4fe2e08aca38da4…,A-CE,CE,2017,[ver metadata_corpus_a.csv],[extraer de PDF],[extraer de PDF],2017,[extraer de PDF],[extraer de PDF],[extraer de PDF],Reparación Directa / Apelación,[extraer de PDF],8924,CONSIDERACIONES | DECISIÓN,2,0.215,0.265,0.825,0.000,—,—,—,—
b6db713596d5b69d…,A-CSJ,CSJ,2014,[ver metadata_corpus_a.csv],[extraer de PDF],[extraer de PDF],2014,[extraer de PDF],[extraer de PDF],[extraer de PDF],Reparación Directa / Apelación,[extraer de PDF],11869,CARGOS | CONSIDERACIONES | DECISIÓN,3,0.227,0.261,0.922,0.228,—,—,—,—
b8a72e19d5adaa62…,A-CE,CE,2017,[ver metadata_corpus_a.csv],[extraer de PDF],[extraer de PDF],2017,[extraer de PDF],[extraer de PDF],[extraer de PDF],Reparación Directa / Apelación,[extraer de PDF],17486,HECHOS | CONSIDERACIONES | DECISIÓN,3,0.198,0.243,0.858,0.000,—,—,—,—
b9f9fd4aa5c36210…,A-CE,CE,,[ver metadata_corpus_a.csv],[extraer de PDF],[extraer de PDF],,[extraer de PDF],[extraer de PDF],[extraer de PDF],Reparación Directa / Apelación,[extraer de PDF],10373,CONSIDERACIONES | DECISIÓN,2,0.185,0.231,1.000,0.202,—,—,—,—
ba28871aa5e3de1f…,A-CE,CE,2007,[ver metadata_corpus_a.csv],[extraer de PDF],[extraer de PDF],2007,[extraer de PDF],[extraer de PDF],[extraer de PDF],Reparación Directa / Apelación,[extraer de PDF],24798,CONSIDERACIONES | HECHOS | DECISIÓN,3,0.236,0.272,0.775,0.202,—,—,—,—
bad2a966a35b0bac…,A-CE,CE,2006,[ver metadata_corpus_a.csv],[extraer de PDF],[extraer de PDF],2006,[extraer de PDF],[extraer de PDF],[extraer de PDF],Reparación Directa / Apelación,[extraer de PDF],16000,HECHOS | DECISIÓN,2,0.203,0.253,0.987,0.028,—,—,—,—
bb30a038bca73223…,A-CE,CE,2017,[ver metadata_corpus_a.csv],[extraer de PDF],[extraer de PDF],2017,[extraer de PDF],[extraer de PDF],[extraer de PDF],Reparación Directa / Apelación,[extraer de PDF],13183,HECHOS | CONSIDERACIONES | DECISIÓN,3,0.236,0.281,1.000,0.054,—,—,—,—
bc32651c079994f3…,A-CSJ,CSJ,2014,[ver metadata_corpus_a.csv],[extraer de PDF],[extraer de PDF],2014,[extraer de PDF],[extraer de PDF],[extraer de PDF],Reparación Directa / Apelación,[extraer de PDF],9122,CONSIDERACIONES | DECISIÓN,2,0.201,0.238,1.000,0.000,—,—,—,—
bcd333ff5277c3fd…,A-CE,CE,2017,[ver metadata_corpus_a.csv],[extraer de PDF],[extraer de PDF],2017,[extraer de PDF],[extraer de PDF],[extraer de PDF],Reparación Directa / Apelación,[extraer de PDF],8973,CONSIDERACIONES | DECISIÓN,2,0.187,0.221,0.871,0.000,—,—,—,—
bce62fa6635eb9c1…,A-CSJ,CSJ,2014,[ver metadata_corpus_a.csv],[extraer de PDF],[extraer de PDF],2014,[extraer de PDF],[extraer de PDF],[extraer de PDF],Reparación Directa / Apelación,[extraer de PDF],41083,HECHOS | CARGOS | CONSIDERACIONES | DECISIÓN,4,0.170,0.216,0.927,0.100,—,—,—,—
bd84e0e05af15669…,A-CE,CE,2017,[ver metadata_corpus_a.csv],[extraer de PDF],[extraer de PDF],2017,[extraer de PDF],[extraer de PDF],[extraer de PDF],Reparación Directa / Apelación,[extraer de PDF],156996,HECHOS | DECISIÓN | CONSIDERACIONES | CARGOS,4,0.217,0.239,0.879,0.040,—,—,—,—
bdc843a5729f89c0…,A-CE,CE,2020,[ver metadata_corpus_a.csv],[extraer de PDF],[extraer de PDF],2020,[extraer de PDF],[extraer de PDF],[extraer de PDF],Reparación Directa / Apelación,[extraer de PDF],10318,CONSIDERACIONES | DECISIÓN,2,0.241,0.265,0.767,0.000,—,—,—,—
bdd5ae3bf5317406…,A-CE,CE,2008,[ver metadata_corpus_a.csv],[extraer de PDF],[extraer de PDF],2008,[extraer de PDF],[extraer de PDF],[extraer de PDF],Reparación Directa / Apelación,[extraer de PDF],3865,DECISIÓN,1,0.243,0.271,1.000,0.769,—,—,—,—
bde275be985fa79f…,A-CSJ,CSJ,2014,[ver metadata_corpus_a.csv],[extraer de PDF],[extraer de PDF],2014,[extraer de PDF],[extraer de PDF],[extraer de PDF],Reparación Directa / Apelación,[extraer de PDF],16000,CONSIDERACIONES | DECISIÓN,2,0.192,0.225,1.000,0.000,—,—,—,—
bdeb25833f827d6b…,A-CE,CE,2014,[ver metadata_corpus_a.csv],[extraer de PDF],[extraer de PDF],2014,[extraer de PDF],[extraer de PDF],[extraer de PDF],Reparación Directa / Apelación,[extraer de PDF],16964,HECHOS | CONSIDERACIONES | DECISIÓN,3,0.219,0.253,0.976,0.032,—,—,—,—
bec5401dce335865…,A-CSJ,CSJ,2004,[ver metadata_corpus_a.csv],[extraer de PDF],[extraer de PDF],2004,[extraer de PDF],[extraer de PDF],[extraer de PDF],Reparación Directa / Apelación,[extraer de PDF],8944,CONSIDERACIONES | DECISIÓN,2,0.207,0.245,0.778,0.000,—,—,—,—
c0a97e16ecc76c16…,A-CSJ,CSJ,2001,[ver metadata_corpus_a.csv],[extraer de PDF],[extraer de PDF],2001,[extraer de PDF],[extraer de PDF],[extraer de PDF],Reparación Directa / Apelación,[extraer de PDF],17121,HECHOS | CONSIDERACIONES | DECISIÓN,3,0.223,0.264,0.810,0.000,—,—,—,—
c1d74a603a6e0b5d…,A-CSJ,CSJ,2010,[ver metadata_corpus_a.csv],[extraer de PDF],[extraer de PDF],2010,[extraer de PDF],[extraer de PDF],[extraer de PDF],Reparación Directa / Apelación,[extraer de PDF],10585,HECHOS | CONSIDERACIONES | DECISIÓN,3,0.229,0.265,0.811,0.000,—,—,—,—
c1d9f13438c1de88…,A-CSJ,CSJ,2015,[ver metadata_corpus_a.csv],[extraer de PDF],[extraer de PDF],2015,[extraer de PDF],[extraer de PDF],[extraer de PDF],Reparación Directa / Apelación,[extraer de PDF],8827,CONSIDERACIONES | DECISIÓN,2,0.269,0.312,1.000,0.080,—,—,—,—
c221692920ea88fd…,A-CE,CE,2013,[ver metadata_corpus_a.csv],[extraer de PDF],[extraer de PDF],2013,[extraer de PDF],[extraer de PDF],[extraer de PDF],Reparación Directa / Apelación,[extraer de PDF],24771,HECHOS | CONSIDERACIONES | DECISIÓN,3,0.239,0.275,0.800,0.056,—,—,—,—
c222575da4c1142a…,A-CE,CE,2006,[ver metadata_corpus_a.csv],[extraer de PDF],[extraer de PDF],2006,[extraer de PDF],[extraer de PDF],[extraer de PDF],Reparación Directa / Apelación,[extraer de PDF],523,DECISIÓN,1,0.184,0.255,0.650,0.000,—,—,—,—
c278eaf7ad429d81…,A-CSJ,CSJ,2010,[ver metadata_corpus_a.csv],[extraer de PDF],[extraer de PDF],2010,[extraer de PDF],[extraer de PDF],[extraer de PDF],Reparación Directa / Apelación,[extraer de PDF],16000,CONSIDERACIONES | DECISIÓN,2,0.275,0.328,1.000,0.000,—,—,—,—
c42ba148300730f4…,A-CSJ,CSJ,2015,[ver metadata_corpus_a.csv],[extraer de PDF],[extraer de PDF],2015,[extraer de PDF],[extraer de PDF],[extraer de PDF],Reparación Directa / Apelación,[extraer de PDF],7923,HECHOS | CONSIDERACIONES | DECISIÓN,3,0.188,0.248,0.956,0.079,—,—,—,—
c47ce5a90ec4b4ce…,A-CSJ,CSJ,,[ver metadata_corpus_a.csv],[extraer de PDF],[extraer de PDF],,[extraer de PDF],[extraer de PDF],[extraer de PDF],Reparación Directa / Apelación,[extraer de PDF],2131,HECHOS | DECISIÓN,2,0.190,0.226,0.933,0.250,—,—,—,—
c4c4285e78cae074…,A-CE,CE,2017,[ver metadata_corpus_a.csv],[extraer de PDF],[extraer de PDF],2017,[extraer de PDF],[extraer de PDF],[extraer de PDF],Reparación Directa / Apelación,[extraer de PDF],9544,CONSIDERACIONES | DECISIÓN,2,0.214,0.253,1.000,0.040,—,—,—,—
c4d4e8b6d8188586…,A-CE,CE,2018,[ver metadata_corpus_a.csv],[extraer de PDF],[extraer de PDF],2018,[extraer de PDF],[extraer de PDF],[extraer de PDF],Reparación Directa / Apelación,[extraer de PDF],8703,CONSIDERACIONES | DECISIÓN,2,0.257,0.298,0.988,0.130,—,—,—,—
c643525bb6a6c431…,A-CSJ,CSJ,2015,[ver metadata_corpus_a.csv],[extraer de PDF],[extraer de PDF],2015,[extraer de PDF],[extraer de PDF],[extraer de PDF],Reparación Directa / Apelación,[extraer de PDF],9164,CONSIDERACIONES | DECISIÓN,2,0.207,0.270,1.000,0.313,—,—,—,—
c69dc286db3c9455…,A-CSJ,CSJ,2014,[ver metadata_corpus_a.csv],[extraer de PDF],[extraer de PDF],2014,[extraer de PDF],[extraer de PDF],[extraer de PDF],Reparación Directa / Apelación,[extraer de PDF],8586,CONSIDERACIONES | DECISIÓN,2,0.194,0.228,1.000,0.000,—,—,—,—
c76a6c050b25c99f…,A-CE,CE,2004,[ver metadata_corpus_a.csv],[extraer de PDF],[extraer de PDF],2004,[extraer de PDF],[extraer de PDF],[extraer de PDF],Reparación Directa / Apelación,[extraer de PDF],8639,CONSIDERACIONES | DECISIÓN,2,0.200,0.245,0.858,0.050,—,—,—,—
c7e4faba1b79c771…,A-CE,CE,,[ver metadata_corpus_a.csv],[extraer de PDF],[extraer de PDF],,[extraer de PDF],[extraer de PDF],[extraer de PDF],Reparación Directa / Apelación,[extraer de PDF],1755,DECISIÓN,1,0.245,0.281,1.000,0.000,—,—,—,—
c82de3033e6e9712…,A-CSJ,CSJ,2018,[ver metadata_corpus_a.csv],[extraer de PDF],[extraer de PDF],2018,[extraer de PDF],[extraer de PDF],[extraer de PDF],Reparación Directa / Apelación,[extraer de PDF],19461,HECHOS | CARGOS | CONSIDERACIONES | DECISIÓN,4,0.228,0.272,0.865,0.000,—,—,—,—
c8e3b5b128862d35…,A-CE,CE,,[ver metadata_corpus_a.csv],[extraer de PDF],[extraer de PDF],,[extraer de PDF],[extraer de PDF],[extraer de PDF],Reparación Directa / Apelación,[extraer de PDF],2170,DECISIÓN,1,0.250,0.279,0.733,0.000,—,—,—,—
c96e93212fb2bae3…,A-CSJ,CSJ,2016,[ver metadata_corpus_a.csv],[extraer de PDF],[extraer de PDF],2016,[extraer de PDF],[extraer de PDF],[extraer de PDF],Reparación Directa / Apelación,[extraer de PDF],8000,CONSIDERACIONES,1,0.217,0.260,1.000,0.113,—,—,—,—
c9d3820f5dc36b34…,A-CE,CE,2017,[ver metadata_corpus_a.csv],[extraer de PDF],[extraer de PDF],2017,[extraer de PDF],[extraer de PDF],[extraer de PDF],Reparación Directa / Apelación,[extraer de PDF],682,DECISIÓN,1,0.217,0.254,0.650,0.000,—,—,—,—
ca2ba5db740d9ea6…,A-CE,CE,2019,[ver metadata_corpus_a.csv],[extraer de PDF],[extraer de PDF],2019,[extraer de PDF],[extraer de PDF],[extraer de PDF],Reparación Directa / Apelación,[extraer de PDF],17732,HECHOS | CONSIDERACIONES | DECISIÓN,3,0.172,0.225,1.000,0.260,—,—,—,—
ca4b10eb48138e1d…,A-CE,CE,2002,[ver metadata_corpus_a.csv],[extraer de PDF],[extraer de PDF],2002,[extraer de PDF],[extraer de PDF],[extraer de PDF],Reparación Directa / Apelación,[extraer de PDF],24043,CONSIDERACIONES | HECHOS | DECISIÓN,3,0.190,0.244,1.000,0.124,—,—,—,—
ca66e02c1b6e5c64…,A-CE,CE,2019,[ver metadata_corpus_a.csv],[extraer de PDF],[extraer de PDF],2019,[extraer de PDF],[extraer de PDF],[extraer de PDF],Reparación Directa / Apelación,[extraer de PDF],10496,CONSIDERACIONES | DECISIÓN,2,0.220,0.262,1.000,0.286,—,—,—,—
cbdf9a296c1dca6c…,A-CSJ,CSJ,2019,[ver metadata_corpus_a.csv],[extraer de PDF],[extraer de PDF],2019,[extraer de PDF],[extraer de PDF],[extraer de PDF],Reparación Directa / Apelación,[extraer de PDF],7837,CONSIDERACIONES | DECISIÓN,2,0.168,0.226,0.662,0.043,—,—,—,—
ccde7d83c8695612…,A-CSJ,CSJ,2014,[ver metadata_corpus_a.csv],[extraer de PDF],[extraer de PDF],2014,[extraer de PDF],[extraer de PDF],[extraer de PDF],Reparación Directa / Apelación,[extraer de PDF],1728,HECHOS | DECISIÓN,2,0.279,0.302,1.000,0.000,—,—,—,—
ce1823634145536d…,A-CE,CE,2019,[ver metadata_corpus_a.csv],[extraer de PDF],[extraer de PDF],2019,[extraer de PDF],[extraer de PDF],[extraer de PDF],Reparación Directa / Apelación,[extraer de PDF],8943,CONSIDERACIONES | DECISIÓN,2,0.223,0.259,0.927,0.000,—,—,—,—
ce7e21d9cf563292…,A-CE,CE,2004,[ver metadata_corpus_a.csv],[extraer de PDF],[extraer de PDF],2004,[extraer de PDF],[extraer de PDF],[extraer de PDF],Reparación Directa / Apelación,[extraer de PDF],30746,CONSIDERACIONES | HECHOS | DECISIÓN,3,0.210,0.240,0.800,0.060,—,—,—,—
cf64a4026cc99439…,A-CE,CE,2018,[ver metadata_corpus_a.csv],[extraer de PDF],[extraer de PDF],2018,[extraer de PDF],[extraer de PDF],[extraer de PDF],Reparación Directa / Apelación,[extraer de PDF],9688,CONSIDERACIONES | DECISIÓN,2,0.250,0.273,0.840,0.000,—,—,—,—
d1501d4896ef9899…,A-CSJ,CSJ,2017,[ver metadata_corpus_a.csv],[extraer de PDF],[extraer de PDF],2017,[extraer de PDF],[extraer de PDF],[extraer de PDF],Reparación Directa / Apelación,[extraer de PDF],17509,HECHOS | CONSIDERACIONES | DECISIÓN,3,0.176,0.207,0.829,0.294,—,—,—,—
d1fb3b43b90d9c74…,A-CSJ,CSJ,2014,[ver metadata_corpus_a.csv],[extraer de PDF],[extraer de PDF],2014,[extraer de PDF],[extraer de PDF],[extraer de PDF],Reparación Directa / Apelación,[extraer de PDF],16000,CARGOS | CONSIDERACIONES,2,0.202,0.256,1.000,0.233,—,—,—,—
d313e99855ec56b6…,A-CE,CE,2008,[ver metadata_corpus_a.csv],[extraer de PDF],[extraer de PDF],2008,[extraer de PDF],[extraer de PDF],[extraer de PDF],Reparación Directa / Apelación,[extraer de PDF],136150,CONSIDERACIONES | HECHOS | DECISIÓN | CARGOS,4,0.206,0.272,0.901,0.057,—,—,—,—
d34e73987d1ce11f…,A-CE,CE,2004,[ver metadata_corpus_a.csv],[extraer de PDF],[extraer de PDF],2004,[extraer de PDF],[extraer de PDF],[extraer de PDF],Reparación Directa / Apelación,[extraer de PDF],30996,CONSIDERACIONES | DECISIÓN,2,0.189,0.231,0.957,0.079,—,—,—,—
d486f76d012c734a…,A-CE,CE,2002,[ver metadata_corpus_a.csv],[extraer de PDF],[extraer de PDF],2002,[extraer de PDF],[extraer de PDF],[extraer de PDF],Reparación Directa / Apelación,[extraer de PDF],3458,DECISIÓN,1,0.191,0.256,1.000,0.165,—,—,—,—
d4f1ec308715f919…,A-CSJ,CSJ,2016,[ver metadata_corpus_a.csv],[extraer de PDF],[extraer de PDF],2016,[extraer de PDF],[extraer de PDF],[extraer de PDF],Reparación Directa / Apelación,[extraer de PDF],9512,HECHOS | CONSIDERACIONES | DECISIÓN,3,0.199,0.242,0.840,0.045,—,—,—,—
d66b3436b885d33c…,A-CSJ,CSJ,2016,[ver metadata_corpus_a.csv],[extraer de PDF],[extraer de PDF],2016,[extraer de PDF],[extraer de PDF],[extraer de PDF],Reparación Directa / Apelación,[extraer de PDF],816,DECISIÓN,1,0.226,0.273,1.000,0.000,—,—,—,—
d7baa5d83fa92ed0…,A-CE,CE,,[ver metadata_corpus_a.csv],[extraer de PDF],[extraer de PDF],,[extraer de PDF],[extraer de PDF],[extraer de PDF],Reparación Directa / Apelación,[extraer de PDF],6104,DECISIÓN,1,0.231,0.296,1.000,0.550,—,—,—,—
d8b92a2308557bd5…,A-CSJ,CSJ,2016,[ver metadata_corpus_a.csv],[extraer de PDF],[extraer de PDF],2016,[extraer de PDF],[extraer de PDF],[extraer de PDF],Reparación Directa / Apelación,[extraer de PDF],8775,CARGOS | DECISIÓN,2,0.205,0.260,0.654,0.054,—,—,—,—
d8d34808d36ea8f8…,A-CE,CE,2003,[ver metadata_corpus_a.csv],[extraer de PDF],[extraer de PDF],2003,[extraer de PDF],[extraer de PDF],[extraer de PDF],Reparación Directa / Apelación,[extraer de PDF],8000,CONSIDERACIONES,1,0.196,0.251,1.000,0.397,—,—,—,—
d95ac6a1be326587…,A-CE,CE,,[ver metadata_corpus_a.csv],[extraer de PDF],[extraer de PDF],,[extraer de PDF],[extraer de PDF],[extraer de PDF],Reparación Directa / Apelación,[extraer de PDF],2402,DECISIÓN,1,0.153,0.238,0.433,0.412,—,—,—,—
da4f9dd7ff238a27…,A-CE,CE,2005,[ver metadata_corpus_a.csv],[extraer de PDF],[extraer de PDF],2005,[extraer de PDF],[extraer de PDF],[extraer de PDF],Reparación Directa / Apelación,[extraer de PDF],4597,DECISIÓN,1,0.191,0.252,1.000,0.378,—,—,—,—
db9d7c74bc297e1b…,A-CE,CE,2017,[ver metadata_corpus_a.csv],[extraer de PDF],[extraer de PDF],2017,[extraer de PDF],[extraer de PDF],[extraer de PDF],Reparación Directa / Apelación,[extraer de PDF],8820,HECHOS | DECISIÓN,2,0.242,0.294,0.686,0.241,—,—,—,—
dd06dc7442e0a29c…,A-CSJ,CSJ,2014,[ver metadata_corpus_a.csv],[extraer de PDF],[extraer de PDF],2014,[extraer de PDF],[extraer de PDF],[extraer de PDF],Reparación Directa / Apelación,[extraer de PDF],8834,CONSIDERACIONES | DECISIÓN,2,0.203,0.248,1.000,0.102,—,—,—,—
dd624c162f87b675…,A-CSJ,CSJ,2018,[ver metadata_corpus_a.csv],[extraer de PDF],[extraer de PDF],2018,[extraer de PDF],[extraer de PDF],[extraer de PDF],Reparación Directa / Apelación,[extraer de PDF],17058,HECHOS | CONSIDERACIONES | DECISIÓN,3,0.198,0.252,0.956,0.000,—,—,—,—
ddeb856c980f25c2…,A-CE,CE,2016,[ver metadata_corpus_a.csv],[extraer de PDF],[extraer de PDF],2016,[extraer de PDF],[extraer de PDF],[extraer de PDF],Reparación Directa / Apelación,[extraer de PDF],2953,CONSIDERACIONES | DECISIÓN,2,0.223,0.270,0.988,0.000,—,—,—,—
de242b4cc9f12c10…,A-CE,CE,2019,[ver metadata_corpus_a.csv],[extraer de PDF],[extraer de PDF],2019,[extraer de PDF],[extraer de PDF],[extraer de PDF],Reparación Directa / Apelación,[extraer de PDF],14455,HECHOS | CONSIDERACIONES | DECISIÓN,3,0.167,0.227,0.883,0.019,—,—,—,—
dea3d90ee23bbf80…,A-CE,CE,,[ver metadata_corpus_a.csv],[extraer de PDF],[extraer de PDF],,[extraer de PDF],[extraer de PDF],[extraer de PDF],Reparación Directa / Apelación,[extraer de PDF],9684,CONSIDERACIONES | DECISIÓN,2,0.243,0.283,0.622,0.017,—,—,—,—
dff68261216a548b…,A-CSJ,CSJ,2015,[ver metadata_corpus_a.csv],[extraer de PDF],[extraer de PDF],2015,[extraer de PDF],[extraer de PDF],[extraer de PDF],Reparación Directa / Apelación,[extraer de PDF],9028,HECHOS | CONSIDERACIONES | DECISIÓN,3,0.234,0.276,0.757,0.000,—,—,—,—
e131fa29090de067…,A-CE,CE,,[ver metadata_corpus_a.csv],[extraer de PDF],[extraer de PDF],,[extraer de PDF],[extraer de PDF],[extraer de PDF],Reparación Directa / Apelación,[extraer de PDF],19748,HECHOS | CONSIDERACIONES | DECISIÓN,3,0.221,0.271,1.000,0.056,—,—,—,—
e223c61ed7c20881…,A-CE,CE,2005,[ver metadata_corpus_a.csv],[extraer de PDF],[extraer de PDF],2005,[extraer de PDF],[extraer de PDF],[extraer de PDF],Reparación Directa / Apelación,[extraer de PDF],9222,CONSIDERACIONES | DECISIÓN,2,0.221,0.265,0.630,0.000,—,—,—,—
e2a00fc501f37b68…,A-CSJ,CSJ,2017,[ver metadata_corpus_a.csv],[extraer de PDF],[extraer de PDF],2017,[extraer de PDF],[extraer de PDF],[extraer de PDF],Reparación Directa / Apelación,[extraer de PDF],16986,HECHOS | CONSIDERACIONES | DECISIÓN,3,0.188,0.226,0.852,0.308,—,—,—,—
e62b28e9f470b0ab…,A-CSJ,CSJ,2016,[ver metadata_corpus_a.csv],[extraer de PDF],[extraer de PDF],2016,[extraer de PDF],[extraer de PDF],[extraer de PDF],Reparación Directa / Apelación,[extraer de PDF],9453,HECHOS | CONSIDERACIONES | DECISIÓN,3,0.179,0.238,0.992,0.000,—,—,—,—
e7173d1fcff2cf6b…,A-CE,CE,2003,[ver metadata_corpus_a.csv],[extraer de PDF],[extraer de PDF],2003,[extraer de PDF],[extraer de PDF],[extraer de PDF],Reparación Directa / Apelación,[extraer de PDF],9929,HECHOS | DECISIÓN,2,0.213,0.252,0.896,0.000,—,—,—,—
e7f2092d1e1ac15e…,A-CSJ,CSJ,2020,[ver metadata_corpus_a.csv],[extraer de PDF],[extraer de PDF],2020,[extraer de PDF],[extraer de PDF],[extraer de PDF],Reparación Directa / Apelación,[extraer de PDF],8070,CONSIDERACIONES | DECISIÓN,2,0.261,0.295,1.000,0.053,—,—,—,—
e80a5b7facae5c99…,A-CE,CE,2015,[ver metadata_corpus_a.csv],[extraer de PDF],[extraer de PDF],2015,[extraer de PDF],[extraer de PDF],[extraer de PDF],Reparación Directa / Apelación,[extraer de PDF],1154,DECISIÓN,1,0.198,0.234,1.000,0.000,—,—,—,—
e999984766ad22f0…,A-CSJ,CSJ,2017,[ver metadata_corpus_a.csv],[extraer de PDF],[extraer de PDF],2017,[extraer de PDF],[extraer de PDF],[extraer de PDF],Reparación Directa / Apelación,[extraer de PDF],8919,CONSIDERACIONES | DECISIÓN,2,0.186,0.232,0.933,0.181,—,—,—,—
ea6d05e01ebc2b1b…,A-CE,CE,2016,[ver metadata_corpus_a.csv],[extraer de PDF],[extraer de PDF],2016,[extraer de PDF],[extraer de PDF],[extraer de PDF],Reparación Directa / Apelación,[extraer de PDF],16000,CARGOS | DECISIÓN,2,0.186,0.221,0.769,0.000,—,—,—,—
eae717c0c035c627…,A-CE,CE,2002,[ver metadata_corpus_a.csv],[extraer de PDF],[extraer de PDF],2002,[extraer de PDF],[extraer de PDF],[extraer de PDF],Reparación Directa / Apelación,[extraer de PDF],12113,CONSIDERACIONES | DECISIÓN,2,0.202,0.245,1.000,0.152,—,—,—,—
eba83016ec24d962…,A-CSJ,CSJ,2016,[ver metadata_corpus_a.csv],[extraer de PDF],[extraer de PDF],2016,[extraer de PDF],[extraer de PDF],[extraer de PDF],Reparación Directa / Apelación,[extraer de PDF],9219,HECHOS | DECISIÓN,2,0.222,0.281,0.932,0.141,—,—,—,—
ecd95cf3290421be…,A-CSJ,CSJ,2016,[ver metadata_corpus_a.csv],[extraer de PDF],[extraer de PDF],2016,[extraer de PDF],[extraer de PDF],[extraer de PDF],Reparación Directa / Apelación,[extraer de PDF],5002,HECHOS | CONSIDERACIONES | DECISIÓN,3,0.207,0.251,1.000,0.000,—,—,—,—
eda9645d16abac33…,A-CSJ,CSJ,2017,[ver metadata_corpus_a.csv],[extraer de PDF],[extraer de PDF],2017,[extraer de PDF],[extraer de PDF],[extraer de PDF],Reparación Directa / Apelación,[extraer de PDF],9956,CONSIDERACIONES | DECISIÓN,2,0.215,0.239,0.825,0.000,—,—,—,—
edbf193021b34839…,A-CSJ,CSJ,2016,[ver metadata_corpus_a.csv],[extraer de PDF],[extraer de PDF],2016,[extraer de PDF],[extraer de PDF],[extraer de PDF],Reparación Directa / Apelación,[extraer de PDF],9495,HECHOS | CONSIDERACIONES | DECISIÓN,3,0.240,0.288,0.753,0.000,—,—,—,—
ef6960fc60ef8c53…,A-CSJ,CSJ,2007,[ver metadata_corpus_a.csv],[extraer de PDF],[extraer de PDF],2007,[extraer de PDF],[extraer de PDF],[extraer de PDF],Reparación Directa / Apelación,[extraer de PDF],11186,HECHOS | CONSIDERACIONES | DECISIÓN,3,0.259,0.302,1.000,0.000,—,—,—,—
eff3d71f3ff9b463…,A-CSJ,CSJ,2019,[ver metadata_corpus_a.csv],[extraer de PDF],[extraer de PDF],2019,[extraer de PDF],[extraer de PDF],[extraer de PDF],Reparación Directa / Apelación,[extraer de PDF],8458,CONSIDERACIONES | DECISIÓN,2,0.211,0.253,0.890,0.051,—,—,—,—
f0123d0388273640…,A-CSJ,CSJ,2014,[ver metadata_corpus_a.csv],[extraer de PDF],[extraer de PDF],2014,[extraer de PDF],[extraer de PDF],[extraer de PDF],Reparación Directa / Apelación,[extraer de PDF],9882,HECHOS | CONSIDERACIONES | DECISIÓN,3,0.200,0.252,0.992,0.036,—,—,—,—
f0633ba434a12203…,A-CSJ,CSJ,2014,[ver metadata_corpus_a.csv],[extraer de PDF],[extraer de PDF],2014,[extraer de PDF],[extraer de PDF],[extraer de PDF],Reparación Directa / Apelación,[extraer de PDF],891,DECISIÓN,1,0.201,0.245,1.000,0.000,—,—,—,—
f0c306d5ea10cfa5…,A-CSJ,CSJ,2015,[ver metadata_corpus_a.csv],[extraer de PDF],[extraer de PDF],2015,[extraer de PDF],[extraer de PDF],[extraer de PDF],Reparación Directa / Apelación,[extraer de PDF],8842,CONSIDERACIONES | DECISIÓN,2,0.220,0.266,0.841,0.035,—,—,—,—
f2a29bf8303622c6…,A-CSJ,CSJ,2017,[ver metadata_corpus_a.csv],[extraer de PDF],[extraer de PDF],2017,[extraer de PDF],[extraer de PDF],[extraer de PDF],Reparación Directa / Apelación,[extraer de PDF],16772,HECHOS | CONSIDERACIONES | DECISIÓN,3,0.206,0.253,0.883,0.000,—,—,—,—
f358586d8c5f9b26…,A-CE,CE,2005,[ver metadata_corpus_a.csv],[extraer de PDF],[extraer de PDF],2005,[extraer de PDF],[extraer de PDF],[extraer de PDF],Reparación Directa / Apelación,[extraer de PDF],10439,CONSIDERACIONES | DECISIÓN,2,0.189,0.235,0.879,0.180,—,—,—,—
f372f243151777dc…,A-CSJ,CSJ,2020,[ver metadata_corpus_a.csv],[extraer de PDF],[extraer de PDF],2020,[extraer de PDF],[extraer de PDF],[extraer de PDF],Reparación Directa / Apelación,[extraer de PDF],7806,CONSIDERACIONES | DECISIÓN,2,0.243,0.282,0.717,0.054,—,—,—,—
f42876e4f73eb832…,A-CSJ,CSJ,2016,[ver metadata_corpus_a.csv],[extraer de PDF],[extraer de PDF],2016,[extraer de PDF],[extraer de PDF],[extraer de PDF],Reparación Directa / Apelación,[extraer de PDF],11074,HECHOS | CONSIDERACIONES | DECISIÓN,3,0.243,0.275,0.811,0.267,—,—,—,—
f49019eb31928799…,A-CE,CE,2017,[ver metadata_corpus_a.csv],[extraer de PDF],[extraer de PDF],2017,[extraer de PDF],[extraer de PDF],[extraer de PDF],Reparación Directa / Apelación,[extraer de PDF],675,DECISIÓN,1,0.223,0.195,1.000,0.000,—,—,—,—
f5201faa976e4819…,A-CSJ,CSJ,2014,[ver metadata_corpus_a.csv],[extraer de PDF],[extraer de PDF],2014,[extraer de PDF],[extraer de PDF],[extraer de PDF],Reparación Directa / Apelación,[extraer de PDF],1693,HECHOS | DECISIÓN,2,0.241,0.271,0.988,0.281,—,—,—,—
f6e0a99e03cb229b…,A-CSJ,CSJ,2016,[ver metadata_corpus_a.csv],[extraer de PDF],[extraer de PDF],2016,[extraer de PDF],[extraer de PDF],[extraer de PDF],Reparación Directa / Apelación,[extraer de PDF],5904,CONSIDERACIONES | DECISIÓN,2,0.234,0.273,0.662,0.188,—,—,—,—
f7b77f89cfef279d…,A-CE,CE,,[ver metadata_corpus_a.csv],[extraer de PDF],[extraer de PDF],,[extraer de PDF],[extraer de PDF],[extraer de PDF],Reparación Directa / Apelación,[extraer de PDF],29346,HECHOS | CONSIDERACIONES | DECISIÓN,3,0.213,0.252,0.783,0.118,—,—,—,—
f7dc0d787ca723be…,A-CSJ,CSJ,2013,[ver metadata_corpus_a.csv],[extraer de PDF],[extraer de PDF],2013,[extraer de PDF],[extraer de PDF],[extraer de PDF],Reparación Directa / Apelación,[extraer de PDF],6526,CONSIDERACIONES | DECISIÓN,2,0.234,0.290,0.988,0.000,—,—,—,—
f7e751fcc9a3e341…,A-CSJ,CSJ,2014,[ver metadata_corpus_a.csv],[extraer de PDF],[extraer de PDF],2014,[extraer de PDF],[extraer de PDF],[extraer de PDF],Reparación Directa / Apelación,[extraer de PDF],9045,CONSIDERACIONES | DECISIÓN,2,0.269,0.297,0.811,0.141,—,—,—,—
f84c83b9bfbca5ee…,A-CSJ,CSJ,2012,[ver metadata_corpus_a.csv],[extraer de PDF],[extraer de PDF],2012,[extraer de PDF],[extraer de PDF],[extraer de PDF],Reparación Directa / Apelación,[extraer de PDF],2490,HECHOS | DECISIÓN,2,0.244,0.297,0.933,0.000,—,—,—,—
f85ce1b09789e6d8…,A-CE,CE,2018,[ver metadata_corpus_a.csv],[extraer de PDF],[extraer de PDF],2018,[extraer de PDF],[extraer de PDF],[extraer de PDF],Reparación Directa / Apelación,[extraer de PDF],15390,HECHOS | CONSIDERACIONES | DECISIÓN,3,0.222,0.280,0.756,0.359,—,—,—,—
f96dd3079cfbb7c6…,A-CE,CE,,[ver metadata_corpus_a.csv],[extraer de PDF],[extraer de PDF],,[extraer de PDF],[extraer de PDF],[extraer de PDF],Reparación Directa / Apelación,[extraer de PDF],35263,CONSIDERACIONES | HECHOS | DECISIÓN,3,0.187,0.225,1.000,0.210,—,—,—,—
fad480a34ae5af95…,A-CSJ,CSJ,2016,[ver metadata_corpus_a.csv],[extraer de PDF],[extraer de PDF],2016,[extraer de PDF],[extraer de PDF],[extraer de PDF],Reparación Directa / Apelación,[extraer de PDF],8286,HECHOS | CONSIDERACIONES | DECISIÓN,3,0.268,0.306,0.992,0.023,—,—,—,—
faf3250e811c1a9a…,A-CSJ,CSJ,2013,[ver metadata_corpus_a.csv],[extraer de PDF],[extraer de PDF],2013,[extraer de PDF],[extraer de PDF],[extraer de PDF],Reparación Directa / Apelación,[extraer de PDF],9349,HECHOS | CONSIDERACIONES | DECISIÓN,3,0.231,0.263,0.883,0.000,—,—,—,—
fb4ca5af739b54a3…,A-CSJ,CSJ,2020,[ver metadata_corpus_a.csv],[extraer de PDF],[extraer de PDF],2020,[extraer de PDF],[extraer de PDF],[extraer de PDF],Reparación Directa / Apelación,[extraer de PDF],8000,CONSIDERACIONES,1,0.256,0.285,1.000,0.143,—,—,—,—
fb85c9c6830d8aab…,A-CSJ,CSJ,2014,[ver metadata_corpus_a.csv],[extraer de PDF],[extraer de PDF],2014,[extraer de PDF],[extraer de PDF],[extraer de PDF],Reparación Directa / Apelación,[extraer de PDF],8553,HECHOS | DECISIÓN,2,0.217,0.253,0.890,0.260,—,—,—,—
fe5cda1a6584f019…,A-CSJ,CSJ,2017,[ver metadata_corpus_a.csv],[extraer de PDF],[extraer de PDF],2017,[extraer de PDF],[extraer de PDF],[extraer de PDF],Reparación Directa / Apelación,[extraer de PDF],12575,CARGOS | CONSIDERACIONES,2,0.200,0.255,1.000,0.026,—,—,—,—
ffe554eb7e709ce2…,A-CSJ,CSJ,2016,[ver metadata_corpus_a.csv],[extraer de PDF],[extraer de PDF],2016,[extraer de PDF],[extraer de PDF],[extraer de PDF],Reparación Directa / Apelación,[extraer de PDF],9061,CONSIDERACIONES | DECISIÓN,2,0.217,0.257,0.600,0.000,—,—,—,—
fff19563cffbd29a…,A-CE,CE,2007,[ver metadata_corpus_a.csv],[extraer de PDF],[extraer de PDF],2007,[extraer de PDF],[extraer de PDF],[extraer de PDF],Reparación Directa / Apelación,[extraer de PDF],6533,DECISIÓN,1,0.196,0.247,0.500,0.134,—,—,—,—
134ed38c3158c8c3…,B,JEP-SRVR,2023,[ver metadata_corpus_b.csv],[extraer de PDF],SRVR — Sala de Reconocimiento,2023,2002–2008 (hechos Caso 03),[ver metadata_corpus_b.csv],[ver metadata_corpus_b.csv],Resolución JEP,[ver metadata_corpus_b.csv],27766,CONSIDERACIONES | RESUELVE,2,0.175,0.221,0.703,0.025,—,—,—,—
5dacfe26a9a4fa57…,B,JEP-SRVR,2022,[ver metadata_corpus_b.csv],[extraer de PDF],SRVR — Sala de Reconocimiento,2022,2002–2008 (hechos Caso 03),[ver metadata_corpus_b.csv],[ver metadata_corpus_b.csv],Resolución JEP,[ver metadata_corpus_b.csv],40963,HECHOS_Y_CONDUCTAS | CONSIDERACIONES | RECONOCIMIENTO | RESUELVE,4,0.179,0.224,0.987,0.244,—,—,—,—
6c00908400fcc09f…,B,JEP-SRVR,2021,[ver metadata_corpus_b.csv],[extraer de PDF],SRVR — Sala de Reconocimiento,2021,2002–2008 (hechos Caso 03),[ver metadata_corpus_b.csv],[ver metadata_corpus_b.csv],Resolución JEP,[ver metadata_corpus_b.csv],10004,CONSIDERACIONES | RESUELVE,2,0.196,0.232,1.000,0.399,—,—,—,—
7d16bf05fa6b5ef7…,B,JEP-SRVR,2018,[ver metadata_corpus_b.csv],[extraer de PDF],SRVR — Sala de Reconocimiento,2018,2002–2008 (hechos Caso 03),[ver metadata_corpus_b.csv],[ver metadata_corpus_b.csv],Resolución JEP,[ver metadata_corpus_b.csv],1895,RESUELVE,1,0.193,0.248,0.975,0.143,—,—,—,—
810ea24daa85374e…,B,JEP-SRVR,2023,[ver metadata_corpus_b.csv],[extraer de PDF],SRVR — Sala de Reconocimiento,2023,2002–2008 (hechos Caso 03),[ver metadata_corpus_b.csv],[ver metadata_corpus_b.csv],Resolución JEP,[ver metadata_corpus_b.csv],8761,HECHOS_Y_CONDUCTAS | CONSIDERACIONES,2,0.163,0.215,0.779,0.000,—,—,—,—
87a5f30a82d35179…,B,JEP-SRVR,2023,[ver metadata_corpus_b.csv],[extraer de PDF],SRVR — Sala de Reconocimiento,2023,2002–2008 (hechos Caso 03),[ver metadata_corpus_b.csv],[ver metadata_corpus_b.csv],Resolución JEP,[ver metadata_corpus_b.csv],56000,CONSIDERACIONES | PATRONES_MACROCRIMINALES | RESUELVE,3,0.211,0.275,0.653,0.007,—,—,—,—
c61b39eef647cdcf…,B,JEP-SRVR,2022,[ver metadata_corpus_b.csv],[extraer de PDF],SRVR — Sala de Reconocimiento,2022,2002–2008 (hechos Caso 03),[ver metadata_corpus_b.csv],[ver metadata_corpus_b.csv],Resolución JEP,[ver metadata_corpus_b.csv],16000,CONSIDERACIONES | RESUELVE,2,0.198,0.253,1.000,0.000,—,—,—,—
d6d0725659a6d3cb…,B,JEP-SRVR,2021,[ver metadata_corpus_b.csv],[extraer de PDF],SRVR — Sala de Reconocimiento,2021,2002–2008 (hechos Caso 03),[ver metadata_corpus_b.csv],[ver metadata_corpus_b.csv],Resolución JEP,[ver metadata_corpus_b.csv],9224,CONSIDERACIONES | RESUELVE,2,0.203,0.260,1.000,0.065,—,—,—,—
e296480baeeb6127…,B,JEP-SRVR,2022,[ver metadata_corpus_b.csv],[extraer de PDF],SRVR — Sala de Reconocimiento,2022,2002–2008 (hechos Caso 03),[ver metadata_corpus_b.csv],[ver metadata_corpus_b.csv],Resolución JEP,[ver metadata_corpus_b.csv],175898,CONSIDERACIONES | RECONOCIMIENTO | RESUELVE,3,0.192,0.227,0.981,0.198,—,—,—,—
casanare_torres,C-JEP,Casanare,2020,—,Magistrada Catalina Díaz (relator),SRVR,6 feb 2020,2001–2007,Cundinamarca (sede) / Casanare (hechos),Bogotá D.C.,Audiencia reconocimiento JEP,Reconocimiento responsabilidad,248000,TESTIMONIO_COMPARECIENTE | TESTIMONIO_VICTIMA,2,0.193,0.264,,,Gral. Henry Torres Escalante,General,0.190,86%
catatumbo,C-JEP,Catatumbo,2022,—,Magistrada Catalina Díaz,SRVR,26-27 abr 2022,2002–2006,Norte de Santander,Cúcuta,Audiencia reconocimiento JEP (primera),Reconocimiento responsabilidad,115000,TESTIMONIO_COMPARECIENTE | TESTIMONIO_VICTIMA,2,0.207,0.271,,,Cap. Juan Carlos Chaparro Chaparro,Capitán/Mayor,0.272,55%
dabeiba,C-JEP,Dabeiba,2023,—,—,SRVR,2023,2003–2007,Antioquia,Dabeiba,Audiencia reconocimiento JEP,Reconocimiento responsabilidad,287000,TESTIMONIO_COMPARECIENTE | TESTIMONIO_VICTIMA,2,0.189,0.262,,,Oficial (coronel/teniente coronel) — SPEAKER_01,Oficial,0.353,40%
huila,C-JEP,Huila,2022,—,—,SRVR,2022,2003–2008,Huila,Neiva,Audiencia reconocimiento JEP,Reconocimiento responsabilidad,267000,TESTIMONIO_COMPARECIENTE | TESTIMONIO_VICTIMA,2,0.186,0.263,,,Luis Carlos Ollo La Tapia + otros (SP06+07+08),Soldado/Suboficial,0.299,93%
costa_caribe,C-JEP,Costa Caribe,2022,—,—,SRVR,18-19 jul 2022,2002–2005,Cesar,Valledupar,Audiencia reconocimiento JEP,Reconocimiento responsabilidad,255000,TESTIMONIO_COMPARECIENTE | TESTIMONIO_VICTIMA,2,0.189,0.259,,,12 comparecientes Batallón La Popa,Varios,N/D — video bloqueado,N/D
