doc_id,corpus,subcorpus,year,radicado,tipo_accion,decision,magistrado_ponente,sala_seccion,fecha_sentencia,fecha_hechos,departamento_hechos,municipio_hechos,batallon,secciones_identificadas,n_secciones,n_chars,y8_mafapo,y9_cidh,y2_sa,y10_rep,compareciente,rango,icm_v3,deteccion_facial
01807c73506b81282e53…,A-CSJ,CSJ,2013,05001-23-33-000-2013-01022-01,Acción de Reparación Directa,Condena,[extraer de PDF],[extraer de PDF],31 de mayo de 2013,10 de junio de 2011,Antioquia,Bello,,CONSIDERACIONES | DECISIÓN,2,9223,0.216,0.242,0.959,0.000,—,—,—,—
036f7d338673e78683ee…,A-CSJ,CSJ,,[ver metadata_corpus_a.csv],Acción de Reparación Directa,,[extraer de PDF],[extraer de PDF],,[extraer de PDF],,,,DECISIÓN,1,904,0.200,0.247,1.000,0.000,—,—,—,—
0453281fce29cacfd49d…,A-CSJ,CSJ,2015,11001-03-15-000-2015-01676-00,Acción de Reparación Directa,,[extraer de PDF],[extraer de PDF],4 de junio de 2015,4 de junio de 2015,ANTIOQUIA,,,HECHOS | CARGOS | CONSIDERACIONES | DECISIÓN,4,17849,0.196,0.247,1.000,0.355,—,—,—,—
04d6e5308972acfd8542…,A-CE,CE,2010,44001-23-31-000-2010-00238-01,Acción de Reparación Directa,Condena,[extraer de PDF],[extraer de PDF],7 de septiembre de 2015,6 de julio de 2016,Norte de Santander,San,,CONSIDERACIONES | DECISIÓN,2,15338,0.247,0.285,1.000,0.278,—,—,—,—
04e1eb5aaa561608b95e…,A-CE,CE,2017,11001-03-15-000-2017-01509-00,TUTELA,,[extraer de PDF],[extraer de PDF],12 de febrero de 2015,12 de febrero de 2015,Antioquia,Medelln,,HECHOS | CONSIDERACIONES | DECISIÓN,3,13202,0.186,0.231,1.000,0.054,—,—,—,—
057f5cc436d1502f742a…,A-CSJ,CSJ,2016,[ver metadata_corpus_a.csv],Acción de Reparación Directa,,[extraer de PDF],[extraer de PDF],2016,[extraer de PDF],,,,HECHOS | CONSIDERACIONES | DECISIÓN,3,9714,0.212,0.268,0.883,0.000,—,—,—,—
05d2e3f2271c9000f85d…,A-CE,CE,2020,11001-03-15-000-2020-00437-01,TUTELA,Niega,[extraer de PDF],[extraer de PDF],23 de julio de 2019,28 de agosto de 2014,Huila,Planadas,,HECHOS | CONSIDERACIONES | DECISIÓN,3,15090,0.281,0.318,1.000,0.355,—,—,—,—
05fe0c7e89a387dd400d…,A-CSJ,CSJ,2016,[ver metadata_corpus_a.csv],Acción de Reparación Directa,,[extraer de PDF],[extraer de PDF],2016,[extraer de PDF],,,,HECHOS | CONSIDERACIONES | DECISIÓN,3,8775,0.211,0.253,0.620,0.000,—,—,—,—
0835aff2f7b290575f4c…,A-CE,CE,2012,05001-23-31-000-2012-00599-02,Acción de Reparación Directa,Accede,[extraer de PDF],[extraer de PDF],16 de octubre de 2007,12 de octubre de 2017,Antioquia,Montebello,,CONSIDERACIONES | DECISIÓN,2,11027,0.194,0.221,0.813,0.000,—,—,—,—
08e5432af3304b3a3a17…,A-CE,CE,2006,05001-23-31-000-2006-00039-01,Acción de Reparación Directa,Condena,Magistrado,[extraer de PDF],8 de julio de 2009,23 de agosto de 2010,Antioquia,Caicedo,,DECISIÓN,1,2225,0.231,0.288,0.542,0.000,—,—,—,—
0be911634d3b2d720914…,A-CSJ,CSJ,2017,11001-03-15-000-2017-01509-00,TUTELA,,[extraer de PDF],[extraer de PDF],12 de febrero de 2015,12 de febrero de 2015,Antioquia,Medelln,,HECHOS | CONSIDERACIONES | DECISIÓN,3,15152,0.175,0.227,0.667,0.133,—,—,—,—
0c26b5b6275ecd41519f…,A-CSJ,CSJ,2015,11001-03-15-000-2015-01676-00,Acción de Reparación Directa,,[extraer de PDF],[extraer de PDF],4 de junio de 2015,4 de junio de 2015,ANTIOQUIA,,,DECISIÓN,1,481,0.249,0.315,1.000,0.000,—,—,—,—
0c6ebf783e6197586b65…,A-CSJ,CSJ,2015,11001-03-15-000-2015-01676-00,Acción de Reparación Directa,,[extraer de PDF],[extraer de PDF],4 de junio de 2015,4 de junio de 2015,ANTIOQUIA,,,HECHOS | CONSIDERACIONES | DECISIÓN,3,9242,0.220,0.269,0.767,0.091,—,—,—,—
0d0427146a475d680786…,A-CSJ,CSJ,2017,11001-03-15-000-2017-01509-00,TUTELA,,[extraer de PDF],[extraer de PDF],12 de febrero de 2015,12 de febrero de 2015,Antioquia,Medelln,,CONSIDERACIONES | DECISIÓN,2,8831,0.307,0.347,0.871,0.036,—,—,—,—
0d799109865a9a1c946f…,A-CE,CE,2007,05001-23-31-000-2007-00013-01,Acción de Reparación Directa,Condena,[extraer de PDF],[extraer de PDF],13 de diciembre de 2005,14 de diciembre de 2007,Antioquia,Santa,,DECISIÓN | CONSIDERACIONES | HECHOS,3,65087,0.219,0.263,0.934,0.122,—,—,—,—
0dbbebfd3378e61da701…,A-CSJ,CSJ,2015,11001-03-15-000-2015-01676-00,Acción de Reparación Directa,,[extraer de PDF],[extraer de PDF],4 de junio de 2015,4 de junio de 2015,ANTIOQUIA,,,HECHOS | CONSIDERACIONES | DECISIÓN,3,11431,0.192,0.240,0.840,0.000,—,—,—,—
0ed77f2cfbb0dd802977…,A-CSJ,CSJ,2014,85001-23-33-000-2014-00006-01,Acción de Reparación Directa,,[extraer de PDF],[extraer de PDF],15 de diciembre de 2016,9 de febrero de 2012,Casanare,,,HECHOS | CONSIDERACIONES | DECISIÓN,3,10099,0.189,0.246,0.956,0.000,—,—,—,—
1017bb4b8803a7bc19c9…,A-CSJ,CSJ,2012,05001-23-31-000-2012-00599-02,Acción de Reparación Directa,Accede,[extraer de PDF],[extraer de PDF],16 de octubre de 2007,12 de octubre de 2017,Antioquia,Montebello,,HECHOS | CONSIDERACIONES | DECISIÓN,3,8345,0.223,0.268,0.852,0.000,—,—,—,—
101c3e12caf10998684a…,A-CE,CE,2009,05001-23-31-000-2009-00233-01,"ACCIÓN

DE REPARACIÓN DIRECTA",Condena,[extraer de PDF],[extraer de PDF],2009,[extraer de PDF],Antioquia,Soacha,de,CONSIDERACIONES | DECISIÓN,2,8638,0.222,0.259,0.916,0.000,—,—,—,—
106207e34d1fde6cc55b…,A-CE,CE,2006,05001-23-31-000-2006-00039-01,Acción de Reparación Directa,Condena,Magistrado,[extraer de PDF],8 de julio de 2009,23 de agosto de 2010,Antioquia,Caicedo,,DECISIÓN,1,4240,0.234,0.274,1.000,0.490,—,—,—,—
11c114614955769118b1…,A-CE,CE,2016,[ver metadata_corpus_a.csv],Acción de Reparación Directa,,[extraer de PDF],[extraer de PDF],2016,[extraer de PDF],,,,CONSIDERACIONES | DECISIÓN,2,9087,0.225,0.266,0.790,0.000,—,—,—,—
128907d4b8ab2daa38d9…,A-CE,CE,2004,05001-23-31-000-2004-01289-01,Acción de Reparación Directa,,[extraer de PDF],[extraer de PDF],9 de marzo de 2002,[extraer de PDF],Antioquia,San,,HECHOS | CONSIDERACIONES | DECISIÓN,3,14044,0.214,0.258,0.927,0.000,—,—,—,—
12c68e398fa497e0ea30…,A-CE,CE,,[ver metadata_corpus_a.csv],Acción de Reparación Directa,,[extraer de PDF],[extraer de PDF],,[extraer de PDF],,,,CONSIDERACIONES | DECISIÓN,2,9917,0.157,0.198,0.825,0.219,—,—,—,—
1416ae13e1f448ff1c4a…,A-CE,CE,2003,20001-23-31-000-2003-01951-01,ACCION DE REPARACION DIRECTA,,[extraer de PDF],[extraer de PDF],1 de febrero de 2003,1 de febrero de 2003,Cesar,La,,DECISIÓN,1,1524,0.195,0.248,0.650,0.354,—,—,—,—
143256801feffea8eacf…,A-CSJ,CSJ,2014,85001-23-33-000-2014-00006-01,Acción de Reparación Directa,,[extraer de PDF],[extraer de PDF],15 de diciembre de 2016,9 de febrero de 2012,Casanare,,,CONSIDERACIONES | DECISIÓN,2,7626,0.285,0.320,1.000,0.132,—,—,—,—
154480cd4a5177fbc95c…,A-CE,CE,2017,11001-03-15-000-2017-01509-00,TUTELA,,[extraer de PDF],[extraer de PDF],12 de febrero de 2015,12 de febrero de 2015,Antioquia,Medelln,,HECHOS | CONSIDERACIONES | DECISIÓN,3,16476,0.232,0.275,0.883,0.323,—,—,—,—
15a84895577a3f984716…,A-CE,CE,2009,05001-23-31-000-2009-00233-01,"ACCIÓN

DE REPARACIÓN DIRECTA",Condena,[extraer de PDF],[extraer de PDF],2009,[extraer de PDF],Antioquia,Soacha,de,CONSIDERACIONES | DECISIÓN,2,24000,0.170,0.234,1.000,0.399,—,—,—,—
1969b99d5165452c36d6…,A-CSJ,CSJ,2014,85001-23-33-000-2014-00006-01,Acción de Reparación Directa,,[extraer de PDF],[extraer de PDF],15 de diciembre de 2016,9 de febrero de 2012,Casanare,,,HECHOS | DECISIÓN,2,8952,0.217,0.269,0.927,0.000,—,—,—,—
1b2f8e6c0f9fba534394…,A-CE,CE,,[ver metadata_corpus_a.csv],Acción de Reparación Directa,,[extraer de PDF],[extraer de PDF],,[extraer de PDF],,,,CONSIDERACIONES | DECISIÓN,2,16000,0.184,0.227,1.000,0.471,—,—,—,—
1cdfc83e3657c1421bd5…,A-CSJ,CSJ,2014,85001-23-33-000-2014-00006-01,Acción de Reparación Directa,,[extraer de PDF],[extraer de PDF],15 de diciembre de 2016,9 de febrero de 2012,Casanare,,,HECHOS | DECISIÓN,2,1786,0.268,0.315,1.000,0.000,—,—,—,—
1d59753be972090bd0a2…,A-CSJ,CSJ,2018,11001-03-15-000-2018-00348-01,TUTELA,Niega,[extraer de PDF],[extraer de PDF],31 de julio de 2012,28 de agosto de 2014,Huila,Pitalito,,CONSIDERACIONES | DECISIÓN,2,8866,0.301,0.343,0.825,0.036,—,—,—,—
1d827284136d2487d886…,A-CE,CE,2003,20001-23-31-000-2003-01951-01,ACCION DE REPARACION DIRECTA,,[extraer de PDF],[extraer de PDF],1 de febrero de 2003,1 de febrero de 2003,Cesar,La,,DECISIÓN,1,844,0.212,0.277,0.307,0.000,—,—,—,—
1e6c5f6e8510143dc607…,A-CE,CE,,[ver metadata_corpus_a.csv],Acción de Reparación Directa,,[extraer de PDF],[extraer de PDF],,[extraer de PDF],,,,DECISIÓN,1,3102,0.176,0.237,1.000,0.275,—,—,—,—
2132a193e2be75748017…,A-CSJ,CSJ,2007,05001-23-31-000-2007-00013-01,Acción de Reparación Directa,Condena,[extraer de PDF],[extraer de PDF],13 de diciembre de 2005,14 de diciembre de 2007,Antioquia,Santa,,DECISIÓN,1,1009,0.235,0.290,0.650,0.204,—,—,—,—
21649e686b573d7662c1…,A-CE,CE,2017,11001-03-15-000-2017-01509-00,TUTELA,,[extraer de PDF],[extraer de PDF],12 de febrero de 2015,12 de febrero de 2015,Antioquia,Medelln,,HECHOS | CONSIDERACIONES | DECISIÓN,3,17117,0.262,0.293,0.988,0.145,—,—,—,—
2226d308a75bcc78bec4…,A-CE,CE,2004,05001-23-31-000-2004-01289-01,Acción de Reparación Directa,,[extraer de PDF],[extraer de PDF],9 de marzo de 2002,[extraer de PDF],Antioquia,San,,CONSIDERACIONES | DECISIÓN,2,10704,0.191,0.229,1.000,0.037,—,—,—,—
23bbdee45fd67bf8149d…,A-CSJ,CSJ,2014,85001-23-33-000-2014-00006-01,Acción de Reparación Directa,,[extraer de PDF],[extraer de PDF],15 de diciembre de 2016,9 de febrero de 2012,Casanare,,,HECHOS | CONSIDERACIONES | DECISIÓN,3,9689,0.205,0.255,0.704,0.039,—,—,—,—
254d6cd4409213641878…,A-CSJ,CSJ,2016,[ver metadata_corpus_a.csv],Acción de Reparación Directa,,[extraer de PDF],[extraer de PDF],2016,[extraer de PDF],,,,CARGOS | DECISIÓN,2,8638,0.200,0.244,0.890,0.000,—,—,—,—
2556aa061d8aded9dad7…,A-CE,CE,,[ver metadata_corpus_a.csv],Acción de Reparación Directa,,[extraer de PDF],[extraer de PDF],,[extraer de PDF],,,,CONSIDERACIONES | DECISIÓN,2,16000,0.274,0.312,1.000,0.133,—,—,—,—
26dfc2f5529297e29c7d…,A-CE,CE,2004,05001-23-31-000-2004-01289-01,Acción de Reparación Directa,,[extraer de PDF],[extraer de PDF],9 de marzo de 2002,[extraer de PDF],Antioquia,San,,CONSIDERACIONES | DECISIÓN,2,9508,0.196,0.261,1.000,0.156,—,—,—,—
274d29962451441c036e…,A-CSJ,CSJ,2017,11001-03-15-000-2017-01509-00,TUTELA,,[extraer de PDF],[extraer de PDF],12 de febrero de 2015,12 de febrero de 2015,Antioquia,Medelln,,CONSIDERACIONES | DECISIÓN,2,9111,0.242,0.281,0.779,0.360,—,—,—,—
27ced80839f5d06057ae…,A-CE,CE,,[ver metadata_corpus_a.csv],Acción de Reparación Directa,,[extraer de PDF],[extraer de PDF],,[extraer de PDF],,,,CONSIDERACIONES | DECISIÓN,2,16000,0.196,0.231,1.000,0.074,—,—,—,—
27d9721f69fcc9c5aae1…,A-CE,CE,,[ver metadata_corpus_a.csv],Acción de Reparación Directa,,[extraer de PDF],[extraer de PDF],,[extraer de PDF],,,,HECHOS | DECISIÓN,2,30689,0.166,0.231,0.973,0.064,—,—,—,—
2a3b67dd8318e81ac2c4…,A-CSJ,CSJ,2016,[ver metadata_corpus_a.csv],Acción de Reparación Directa,,[extraer de PDF],[extraer de PDF],2016,[extraer de PDF],,,,HECHOS | DECISIÓN,2,3040,0.188,0.251,0.797,0.000,—,—,—,—
2b419c8e925543ff79ac…,A-CSJ,CSJ,2015,11001-03-15-000-2015-01676-00,Acción de Reparación Directa,,[extraer de PDF],[extraer de PDF],4 de junio de 2015,4 de junio de 2015,ANTIOQUIA,,,HECHOS | CARGOS | CONSIDERACIONES | DECISIÓN,4,14716,0.227,0.287,1.000,0.000,—,—,—,—
2cab90c8736fb4fe2302…,A-CE,CE,,[ver metadata_corpus_a.csv],Acción de Reparación Directa,,[extraer de PDF],[extraer de PDF],,[extraer de PDF],,,,CONSIDERACIONES | DECISIÓN,2,10240,0.203,0.256,0.937,0.023,—,—,—,—
2d6a4e9ebe0fdc7f468e…,A-CE,CE,2017,11001-03-15-000-2017-01509-00,TUTELA,,[extraer de PDF],[extraer de PDF],12 de febrero de 2015,12 de febrero de 2015,Antioquia,Medelln,,DECISIÓN,1,3398,0.184,0.214,1.000,0.669,—,—,—,—
2e0feeefc4bc50d2e477…,A-CSJ,CSJ,2012,05001-23-31-000-2012-00599-02,Acción de Reparación Directa,Accede,[extraer de PDF],[extraer de PDF],16 de octubre de 2007,12 de octubre de 2017,Antioquia,Montebello,,HECHOS | DECISIÓN,2,1449,0.193,0.241,0.896,0.000,—,—,—,—
30899dac6eaab5df87fd…,A-CE,CE,2018,11001-03-15-000-2018-00348-01,TUTELA,Niega,[extraer de PDF],[extraer de PDF],31 de julio de 2012,28 de agosto de 2014,Huila,Pitalito,,HECHOS | DECISIÓN,2,10017,0.228,0.270,1.000,0.396,—,—,—,—
3109c1a737befc06c5ef…,A-CE,CE,,[ver metadata_corpus_a.csv],Acción de Reparación Directa,,[extraer de PDF],[extraer de PDF],,[extraer de PDF],,,,CONSIDERACIONES | DECISIÓN,2,9857,0.210,0.259,0.667,0.000,—,—,—,—
33b2b2c031f6ed6f35d3…,A-CSJ,CSJ,2017,11001-03-15-000-2017-01509-00,TUTELA,,[extraer de PDF],[extraer de PDF],12 de febrero de 2015,12 de febrero de 2015,Antioquia,Medelln,,CONSIDERACIONES | DECISIÓN,2,9302,0.216,0.264,0.995,0.000,—,—,—,—
3415c8e1439b66204660…,A-CSJ,CSJ,2016,[ver metadata_corpus_a.csv],Acción de Reparación Directa,,[extraer de PDF],[extraer de PDF],2016,[extraer de PDF],,,,HECHOS | CONSIDERACIONES | DECISIÓN,3,17375,0.218,0.269,0.843,0.027,—,—,—,—
341a32fb6a6c70b59f37…,A-CE,CE,2013,05001-23-33-000-2013-01022-01,Acción de Reparación Directa,Condena,[extraer de PDF],[extraer de PDF],31 de mayo de 2013,10 de junio de 2011,Antioquia,Bello,,CONSIDERACIONES | HECHOS | DECISIÓN,3,21718,0.176,0.231,1.000,0.243,—,—,—,—
350095495340fb12b07c…,A-CSJ,CSJ,2017,11001-03-15-000-2017-01509-00,TUTELA,,[extraer de PDF],[extraer de PDF],12 de febrero de 2015,12 de febrero de 2015,Antioquia,Medelln,,CONSIDERACIONES | DECISIÓN,2,9318,0.272,0.297,1.000,0.059,—,—,—,—
36383edb1b72a168d2e1…,A-CE,CE,2017,11001-03-15-000-2017-01509-00,TUTELA,,[extraer de PDF],[extraer de PDF],12 de febrero de 2015,12 de febrero de 2015,Antioquia,Medelln,,HECHOS | CONSIDERACIONES | DECISIÓN,3,9700,0.186,0.236,0.883,0.000,—,—,—,—
36cd99c4ff64b1c3b875…,A-CSJ,CSJ,2014,85001-23-33-000-2014-00006-01,Acción de Reparación Directa,,[extraer de PDF],[extraer de PDF],15 de diciembre de 2016,9 de febrero de 2012,Casanare,,,CONSIDERACIONES,1,8000,0.214,0.257,1.000,0.000,—,—,—,—
3740f9b9c39523eeb834…,A-CSJ,CSJ,2016,[ver metadata_corpus_a.csv],Acción de Reparación Directa,,[extraer de PDF],[extraer de PDF],2016,[extraer de PDF],,,,CONSIDERACIONES | DECISIÓN,2,8813,0.217,0.282,0.839,0.000,—,—,—,—
385d059d4b3909a5c44a…,A-CSJ,CSJ,2015,11001-03-15-000-2015-01676-00,Acción de Reparación Directa,,[extraer de PDF],[extraer de PDF],4 de junio de 2015,4 de junio de 2015,ANTIOQUIA,,,HECHOS | CONSIDERACIONES | DECISIÓN,3,9699,0.231,0.279,0.775,0.000,—,—,—,—
3a3a50b4d65142e832cf…,A-CSJ,CSJ,,[ver metadata_corpus_a.csv],Acción de Reparación Directa,,[extraer de PDF],[extraer de PDF],,[extraer de PDF],,,,HECHOS | DECISIÓN,2,12281,0.164,0.230,0.624,0.205,—,—,—,—
3a6ef04fd3f8e8b5d900…,A-CSJ,CSJ,2017,11001-03-15-000-2017-01509-00,TUTELA,,[extraer de PDF],[extraer de PDF],12 de febrero de 2015,12 de febrero de 2015,Antioquia,Medelln,,CONSIDERACIONES | DECISIÓN,2,9112,0.178,0.226,1.000,0.071,—,—,—,—
3a767d97c18ee6f954fd…,A-CE,CE,,[ver metadata_corpus_a.csv],Acción de Reparación Directa,,[extraer de PDF],[extraer de PDF],,[extraer de PDF],,,,CONSIDERACIONES | HECHOS | DECISIÓN,3,20674,0.188,0.246,0.850,0.223,—,—,—,—
3d645ce0e1168ecb31ac…,A-CE,CE,2012,05001-23-31-000-2012-00599-02,Acción de Reparación Directa,Accede,[extraer de PDF],[extraer de PDF],16 de octubre de 2007,12 de octubre de 2017,Antioquia,Montebello,,CONSIDERACIONES | HECHOS | DECISIÓN,3,24200,0.204,0.230,0.716,0.078,—,—,—,—
3e95682f11cf6ecb4035…,A-CE,CE,2005,05001-23-31-000-2005-05214-01,Acción de Reparación Directa,Condena,[extraer de PDF],[extraer de PDF],19 de abril de 2004,19 de abril de 2004,Cesar,Granada,,HECHOS | DECISIÓN,2,16000,0.221,0.254,0.802,0.082,—,—,—,—
3f6c6c737fa1ae5e6304…,A-CE,CE,,[ver metadata_corpus_a.csv],Acción de Reparación Directa,,[extraer de PDF],[extraer de PDF],,[extraer de PDF],,,,CONSIDERACIONES | DECISIÓN,2,10824,0.207,0.262,1.000,0.053,—,—,—,—
4057d1ad8f86b3cf45f4…,A-CSJ,CSJ,2016,[ver metadata_corpus_a.csv],Acción de Reparación Directa,,[extraer de PDF],[extraer de PDF],2016,[extraer de PDF],,,,CONSIDERACIONES | DECISIÓN,2,8751,0.227,0.252,1.000,0.000,—,—,—,—
40bb3c6463aa058307d9…,A-CSJ,CSJ,2015,11001-03-15-000-2015-01676-00,Acción de Reparación Directa,,[extraer de PDF],[extraer de PDF],4 de junio de 2015,4 de junio de 2015,ANTIOQUIA,,,CONSIDERACIONES | DECISIÓN,2,9235,0.220,0.255,0.871,0.059,—,—,—,—
41ceffd00ab85e79bd74…,A-CE,CE,,[ver metadata_corpus_a.csv],Acción de Reparación Directa,,[extraer de PDF],[extraer de PDF],,[extraer de PDF],,,,HECHOS | DECISIÓN,2,15938,0.203,0.253,1.000,0.577,—,—,—,—
424b3b2ff0d91d37da11…,A-CE,CE,2000,05001-23-31-000-2000-03380-01,ACCION DE REPARACION DIRECTA,,[extraer de PDF],[extraer de PDF],11 de septiembre de 2013,22 de noviembre de 2012,Antioquia,,,HECHOS | DECISIÓN,2,16000,0.207,0.247,1.000,0.083,—,—,—,—
42adec3d5f421c720e88…,A-CE,CE,,[ver metadata_corpus_a.csv],Acción de Reparación Directa,,[extraer de PDF],[extraer de PDF],,[extraer de PDF],,,,HECHOS | CONSIDERACIONES | DECISIÓN,3,24000,0.206,0.245,1.000,0.075,—,—,—,—
44413afc8bd69f07cac4…,A-CSJ,CSJ,2013,05001-23-33-000-2013-01022-01,Acción de Reparación Directa,Condena,[extraer de PDF],[extraer de PDF],31 de mayo de 2013,10 de junio de 2011,Antioquia,Bello,,HECHOS | DECISIÓN,2,1147,0.239,0.280,0.760,0.000,—,—,—,—
456b33c2da9d55d55ffe…,A-CE,CE,2003,20001-23-31-000-2003-01951-01,ACCION DE REPARACION DIRECTA,,[extraer de PDF],[extraer de PDF],1 de febrero de 2003,1 de febrero de 2003,Cesar,La,,CONSIDERACIONES,1,15338,0.225,0.259,1.000,0.156,—,—,—,—
466c0f272f36469e055d…,A-CSJ,CSJ,2015,11001-03-15-000-2015-01676-00,Acción de Reparación Directa,,[extraer de PDF],[extraer de PDF],4 de junio de 2015,4 de junio de 2015,ANTIOQUIA,,,HECHOS | CONSIDERACIONES | DECISIÓN,3,16603,0.214,0.239,0.883,0.000,—,—,—,—
46c2cbd912acbbe2ede2…,A-CE,CE,2001,25000-23-26-000-2001-00297-01,ACCION DE REPARACION DIRECTA,,[extraer de PDF],[extraer de PDF],8 de agosto de 2003,13 de julio de 1993,,,,CONSIDERACIONES | DECISIÓN,2,9587,0.225,0.278,1.000,0.024,—,—,—,—
46f73e71f130933a7643…,A-CE,CE,2017,11001-03-15-000-2017-01509-00,TUTELA,,[extraer de PDF],[extraer de PDF],12 de febrero de 2015,12 de febrero de 2015,Antioquia,Medelln,,HECHOS | CONSIDERACIONES | DECISIÓN,3,16384,0.202,0.247,0.883,0.054,—,—,—,—
47c342aab276844a18d7…,A-CE,CE,,[ver metadata_corpus_a.csv],Acción de Reparación Directa,,[extraer de PDF],[extraer de PDF],,[extraer de PDF],,,,CONSIDERACIONES | DECISIÓN,2,8788,0.201,0.252,0.797,0.000,—,—,—,—
492a5569c657471578f0…,A-CE,CE,2005,05001-23-31-000-2005-05214-01,Acción de Reparación Directa,Condena,[extraer de PDF],[extraer de PDF],19 de abril de 2004,19 de abril de 2004,Cesar,Granada,,CONSIDERACIONES | DECISIÓN,2,8524,0.205,0.239,0.662,0.000,—,—,—,—
49c68763984e5d9e59b1…,A-CE,CE,2017,11001-03-15-000-2017-01509-00,TUTELA,,[extraer de PDF],[extraer de PDF],12 de febrero de 2015,12 de febrero de 2015,Antioquia,Medelln,,CONSIDERACIONES | DECISIÓN,2,10231,0.193,0.224,1.000,0.125,—,—,—,—
4a602a4e9037c3425ae5…,A-CE,CE,2003,20001-23-31-000-2003-01951-01,ACCION DE REPARACION DIRECTA,,[extraer de PDF],[extraer de PDF],1 de febrero de 2003,1 de febrero de 2003,Cesar,La,,CONSIDERACIONES | DECISIÓN,2,10112,0.140,0.190,1.000,0.500,—,—,—,—
4c84260b1cda2b5cec77…,A-CE,CE,2017,11001-03-15-000-2017-01509-00,TUTELA,,[extraer de PDF],[extraer de PDF],12 de febrero de 2015,12 de febrero de 2015,Antioquia,Medelln,,CONSIDERACIONES | DECISIÓN,2,9723,0.222,0.246,0.933,0.110,—,—,—,—
4d04f54b01999b475352…,A-CE,CE,2017,11001-03-15-000-2017-01509-00,TUTELA,,[extraer de PDF],[extraer de PDF],12 de febrero de 2015,12 de febrero de 2015,Antioquia,Medelln,,CONSIDERACIONES | DECISIÓN,2,9213,0.156,0.204,1.000,0.000,—,—,—,—
4e618123e250d59be341…,A-CE,CE,2019,11001-03-15-000-2019-01556-00,TUTELA,,[extraer de PDF],[extraer de PDF],31 de mayo de 2013,23 de agosto de 2013,META,San,,HECHOS | CONSIDERACIONES | DECISIÓN,3,12761,0.211,0.262,1.000,0.269,—,—,—,—
4e65a8bde9be809a08c8…,A-CSJ,CSJ,2018,11001-03-15-000-2018-00348-01,TUTELA,Niega,[extraer de PDF],[extraer de PDF],31 de julio de 2012,28 de agosto de 2014,Huila,Pitalito,,CONSIDERACIONES | DECISIÓN,2,9051,0.190,0.237,1.000,0.130,—,—,—,—
4f02fad65f7f67527db3…,A-CSJ,CSJ,2016,[ver metadata_corpus_a.csv],Acción de Reparación Directa,,[extraer de PDF],[extraer de PDF],2016,[extraer de PDF],,,,CONSIDERACIONES | DECISIÓN,2,8671,0.242,0.284,1.000,0.000,—,—,—,—
5087ff8d325aba3d05c8…,A-CE,CE,,[ver metadata_corpus_a.csv],Acción de Reparación Directa,,[extraer de PDF],[extraer de PDF],,[extraer de PDF],,,,DECISIÓN,1,3374,0.190,0.248,1.000,0.779,—,—,—,—
509f961769e57ed1c22b…,A-CE,CE,2005,05001-23-31-000-2005-05214-01,Acción de Reparación Directa,Condena,[extraer de PDF],[extraer de PDF],19 de abril de 2004,19 de abril de 2004,Cesar,Granada,,CONSIDERACIONES | DECISIÓN,2,9253,0.160,0.215,1.000,0.161,—,—,—,—
50a93dcc78eff844105f…,A-CSJ,CSJ,2015,11001-03-15-000-2015-01676-00,Acción de Reparación Directa,,[extraer de PDF],[extraer de PDF],4 de junio de 2015,4 de junio de 2015,ANTIOQUIA,,,HECHOS | CONSIDERACIONES | DECISIÓN,3,10473,0.190,0.236,1.000,0.000,—,—,—,—
51f6c0948856c2604b56…,A-CSJ,CSJ,,[ver metadata_corpus_a.csv],Acción de Reparación Directa,,[extraer de PDF],[extraer de PDF],,[extraer de PDF],,,,HECHOS | DECISIÓN,2,1854,0.262,0.307,0.825,0.000,—,—,—,—
54214e95e02c9df91fe8…,A-CSJ,CSJ,2014,85001-23-33-000-2014-00006-01,Acción de Reparación Directa,,[extraer de PDF],[extraer de PDF],15 de diciembre de 2016,9 de febrero de 2012,Casanare,,,CONSIDERACIONES | DECISIÓN,2,9257,0.213,0.240,1.000,0.000,—,—,—,—
54f16a9edb76f0c1af04…,A-CSJ,CSJ,2018,11001-03-15-000-2018-00348-01,TUTELA,Niega,[extraer de PDF],[extraer de PDF],31 de julio de 2012,28 de agosto de 2014,Huila,Pitalito,,CONSIDERACIONES | DECISIÓN,2,7679,0.249,0.301,0.662,0.040,—,—,—,—
564e929ad9f0f0bd90cc…,A-CE,CE,2017,11001-03-15-000-2017-01509-00,TUTELA,,[extraer de PDF],[extraer de PDF],12 de febrero de 2015,12 de febrero de 2015,Antioquia,Medelln,,CONSIDERACIONES | DECISIÓN,2,6396,0.167,0.215,0.841,0.000,—,—,—,—
56b1fce642a634504c1d…,A-CE,CE,2017,11001-03-15-000-2017-01509-00,TUTELA,,[extraer de PDF],[extraer de PDF],12 de febrero de 2015,12 de febrero de 2015,Antioquia,Medelln,,CONSIDERACIONES | DECISIÓN,2,8950,0.213,0.235,0.906,0.145,—,—,—,—
56ccaa67b12645eda3ff…,A-CE,CE,2003,20001-23-31-000-2003-01951-01,ACCION DE REPARACION DIRECTA,,[extraer de PDF],[extraer de PDF],1 de febrero de 2003,1 de febrero de 2003,Cesar,La,,CONSIDERACIONES | DECISIÓN,2,9212,0.176,0.222,1.000,0.358,—,—,—,—
5795a1a495c73d0ae8a2…,A-CSJ,CSJ,2017,11001-03-15-000-2017-01509-00,TUTELA,,[extraer de PDF],[extraer de PDF],12 de febrero de 2015,12 de febrero de 2015,Antioquia,Medelln,,HECHOS | CONSIDERACIONES | DECISIÓN,3,14928,0.254,0.295,1.000,0.033,—,—,—,—
579957b654b50e4304d4…,A-CSJ,CSJ,2000,05001-23-31-000-2000-03380-01,ACCION DE REPARACION DIRECTA,,[extraer de PDF],[extraer de PDF],11 de septiembre de 2013,22 de noviembre de 2012,Antioquia,,,CONSIDERACIONES | DECISIÓN,2,16210,0.195,0.260,1.000,0.034,—,—,—,—
582a0ca996f8f4da5d02…,A-CSJ,CSJ,2014,85001-23-33-000-2014-00006-01,Acción de Reparación Directa,,[extraer de PDF],[extraer de PDF],15 de diciembre de 2016,9 de febrero de 2012,Casanare,,,CONSIDERACIONES | DECISIÓN,2,5992,0.168,0.222,0.716,0.101,—,—,—,—
58ca5969441aa9f271c6…,A-CE,CE,,[ver metadata_corpus_a.csv],Acción de Reparación Directa,,[extraer de PDF],[extraer de PDF],,[extraer de PDF],,,,DECISIÓN,1,605,0.242,0.271,0.520,0.000,—,—,—,—
5b2ca880cd1d9f46cc2f…,A-CSJ,CSJ,2007,05001-23-31-000-2007-00013-01,Acción de Reparación Directa,Condena,[extraer de PDF],[extraer de PDF],13 de diciembre de 2005,14 de diciembre de 2007,Antioquia,Santa,,CONSIDERACIONES | DECISIÓN,2,8523,0.247,0.286,0.940,0.026,—,—,—,—
5b69527a56abd944c9ba…,A-CSJ,CSJ,2010,44001-23-31-000-2010-00238-01,Acción de Reparación Directa,Condena,[extraer de PDF],[extraer de PDF],7 de septiembre de 2015,6 de julio de 2016,Norte de Santander,San,,HECHOS | DECISIÓN,2,1497,0.246,0.284,0.662,0.000,—,—,—,—
5c15f0d320ed9c989f6b…,A-CE,CE,2005,05001-23-31-000-2005-05214-01,Acción de Reparación Directa,Condena,[extraer de PDF],[extraer de PDF],19 de abril de 2004,19 de abril de 2004,Cesar,Granada,,CONSIDERACIONES | DECISIÓN,2,8881,0.175,0.222,0.861,0.000,—,—,—,—
5d262916b690464e6e7a…,A-CE,CE,2007,05001-23-31-000-2007-00013-01,Acción de Reparación Directa,Condena,[extraer de PDF],[extraer de PDF],13 de diciembre de 2005,14 de diciembre de 2007,Antioquia,Santa,,CONSIDERACIONES | DECISIÓN,2,27319,0.187,0.246,0.800,0.085,—,—,—,—
5d3a164339e079058c75…,A-CE,CE,2014,85001-23-33-000-2014-00006-01,Acción de Reparación Directa,,[extraer de PDF],[extraer de PDF],15 de diciembre de 2016,9 de febrero de 2012,Casanare,,,HECHOS | CONSIDERACIONES | DECISIÓN,3,36449,0.202,0.250,0.958,0.122,—,—,—,—
5d9f344ca202681a6a26…,A-CE,CE,2004,05001-23-31-000-2004-01289-01,Acción de Reparación Directa,,[extraer de PDF],[extraer de PDF],9 de marzo de 2002,[extraer de PDF],Antioquia,San,,DECISIÓN,1,3196,0.173,0.226,1.000,0.495,—,—,—,—
5ee19e3ec4b05a744d2b…,A-CSJ,CSJ,2016,[ver metadata_corpus_a.csv],Acción de Reparación Directa,,[extraer de PDF],[extraer de PDF],2016,[extraer de PDF],,,,HECHOS | CONSIDERACIONES | DECISIÓN,3,9341,0.183,0.223,1.000,0.034,—,—,—,—
60fe3a5fe8639d765cd9…,A-CSJ,CSJ,2018,11001-03-15-000-2018-00348-01,TUTELA,Niega,[extraer de PDF],[extraer de PDF],31 de julio de 2012,28 de agosto de 2014,Huila,Pitalito,,CONSIDERACIONES | DECISIÓN,2,9046,0.203,0.220,0.964,0.074,—,—,—,—
6142253bdf38cd5cc397…,A-CSJ,CSJ,2016,[ver metadata_corpus_a.csv],Acción de Reparación Directa,,[extraer de PDF],[extraer de PDF],2016,[extraer de PDF],,,,CONSIDERACIONES | DECISIÓN,2,8607,0.246,0.285,0.630,0.062,—,—,—,—
61c54929ab3781f501c3…,A-CE,CE,2018,11001-03-15-000-2018-00348-01,TUTELA,Niega,[extraer de PDF],[extraer de PDF],31 de julio de 2012,28 de agosto de 2014,Huila,Pitalito,,HECHOS | CONSIDERACIONES | DECISIÓN,3,12064,0.231,0.282,0.803,0.023,—,—,—,—
6394eb6138b13ab1a1d3…,A-CE,CE,2021,11001-03-15-000-2021-02797-00,TUTELA,,[extraer de PDF],[extraer de PDF],4 de junio de 2010,8 de noviembre de 2017,Huila,,,DECISIÓN,1,2724,0.168,0.232,1.000,0.222,—,—,—,—
66f4e08f6b0a81499a6f…,A-CE,CE,,[ver metadata_corpus_a.csv],Acción de Reparación Directa,,[extraer de PDF],[extraer de PDF],,[extraer de PDF],,,,CONSIDERACIONES | DECISIÓN,2,15805,0.169,0.218,1.000,0.162,—,—,—,—
688ad821ace128f0dcbc…,A-CE,CE,2007,05001-23-31-000-2007-00013-01,Acción de Reparación Directa,Condena,[extraer de PDF],[extraer de PDF],13 de diciembre de 2005,14 de diciembre de 2007,Antioquia,Santa,,DECISIÓN,1,2984,0.246,0.292,0.607,0.000,—,—,—,—
689bbf4b90d26cecc3e5…,A-CE,CE,2018,11001-03-15-000-2018-00348-01,TUTELA,Niega,[extraer de PDF],[extraer de PDF],31 de julio de 2012,28 de agosto de 2014,Huila,Pitalito,,DECISIÓN,1,994,0.189,0.227,0.825,0.000,—,—,—,—
6cbd498b0828a051db72…,A-CE,CE,2007,05001-23-31-000-2007-00013-01,Acción de Reparación Directa,Condena,[extraer de PDF],[extraer de PDF],13 de diciembre de 2005,14 de diciembre de 2007,Antioquia,Santa,,CONSIDERACIONES | DECISIÓN,2,11960,0.175,0.233,1.000,0.135,—,—,—,—
6fee7f9e0570c1571720…,A-CE,CE,,[ver metadata_corpus_a.csv],Acción de Reparación Directa,,[extraer de PDF],[extraer de PDF],,[extraer de PDF],,,,CONSIDERACIONES | DECISIÓN,2,16000,0.266,0.303,1.000,0.180,—,—,—,—
70c691d7fd400f79f377…,A-CE,CE,2007,05001-23-31-000-2007-00013-01,Acción de Reparación Directa,Condena,[extraer de PDF],[extraer de PDF],13 de diciembre de 2005,14 de diciembre de 2007,Antioquia,Santa,,HECHOS | DECISIÓN,2,11989,0.208,0.255,0.795,0.034,—,—,—,—
719e6b74d9fabde605b9…,A-CE,CE,2014,85001-23-33-000-2014-00006-01,Acción de Reparación Directa,,[extraer de PDF],[extraer de PDF],15 de diciembre de 2016,9 de febrero de 2012,Casanare,,,HECHOS | CONSIDERACIONES | DECISIÓN,3,14538,0.198,0.252,0.927,0.000,—,—,—,—
724eee2e14b8e2ab8031…,A-CSJ,CSJ,2014,85001-23-33-000-2014-00006-01,Acción de Reparación Directa,,[extraer de PDF],[extraer de PDF],15 de diciembre de 2016,9 de febrero de 2012,Casanare,,,HECHOS | CONSIDERACIONES | DECISIÓN,3,7717,0.215,0.264,0.883,0.000,—,—,—,—
74e7e6f7a44ea3dfa39b…,A-CSJ,CSJ,2014,85001-23-33-000-2014-00006-01,Acción de Reparación Directa,,[extraer de PDF],[extraer de PDF],15 de diciembre de 2016,9 de febrero de 2012,Casanare,,,CONSIDERACIONES,1,6827,0.204,0.240,1.000,0.321,—,—,—,—
7645582bce3db055d951…,A-CSJ,CSJ,2016,[ver metadata_corpus_a.csv],Acción de Reparación Directa,,[extraer de PDF],[extraer de PDF],2016,[extraer de PDF],,,,DECISIÓN,1,737,0.236,0.273,0.325,0.000,—,—,—,—
771e9779f623140ad26a…,A-CE,CE,2012,05001-23-31-000-2012-00599-02,Acción de Reparación Directa,Accede,[extraer de PDF],[extraer de PDF],16 de octubre de 2007,12 de octubre de 2017,Antioquia,Montebello,,CONSIDERACIONES | DECISIÓN,2,16199,0.187,0.217,1.000,0.041,—,—,—,—
7810f1a05d333148fd15…,A-CSJ,CSJ,2013,05001-23-33-000-2013-01022-01,Acción de Reparación Directa,Condena,[extraer de PDF],[extraer de PDF],31 de mayo de 2013,10 de junio de 2011,Antioquia,Bello,,CONSIDERACIONES,1,8000,0.207,0.267,1.000,0.000,—,—,—,—
7909efeac68ce7775c28…,A-CE,CE,2007,05001-23-31-000-2007-00013-01,Acción de Reparación Directa,Condena,[extraer de PDF],[extraer de PDF],13 de diciembre de 2005,14 de diciembre de 2007,Antioquia,Santa,,CONSIDERACIONES | HECHOS | DECISIÓN,3,27853,0.234,0.266,0.788,0.000,—,—,—,—
795b680b187d3c7a31ba…,A-CE,CE,2017,11001-03-15-000-2017-01509-00,TUTELA,,[extraer de PDF],[extraer de PDF],12 de febrero de 2015,12 de febrero de 2015,Antioquia,Medelln,,CONSIDERACIONES | DECISIÓN,2,10215,0.198,0.243,1.000,0.141,—,—,—,—
7965f19b2b4f07635ddd…,A-CE,CE,2008,05001-23-31-000-2008-00054-01,"ACCIÓN

DE REPARACIÓN DIRECTA",Condena,[extraer de PDF],[extraer de PDF],28 de diciembre de 2005,19 de diciembre de 2007,Antioquia,Soacha,,CONSIDERACIONES | DECISIÓN,2,12913,0.174,0.236,1.000,0.000,—,—,—,—
79da7d3fdfcfc3852df1…,A-CE,CE,2018,11001-03-15-000-2018-00348-01,TUTELA,Niega,[extraer de PDF],[extraer de PDF],31 de julio de 2012,28 de agosto de 2014,Huila,Pitalito,,CONSIDERACIONES | DECISIÓN,2,9827,0.210,0.241,1.000,0.395,—,—,—,—
7b47a4d7d758fa548493…,A-CE,CE,2013,05001-23-33-000-2013-01022-01,Acción de Reparación Directa,Condena,[extraer de PDF],[extraer de PDF],31 de mayo de 2013,10 de junio de 2011,Antioquia,Bello,,CONSIDERACIONES | DECISIÓN,2,7988,0.261,0.282,0.627,0.043,—,—,—,—
7de7edb69d97de48dbe8…,A-CE,CE,2017,11001-03-15-000-2017-01509-00,TUTELA,,[extraer de PDF],[extraer de PDF],12 de febrero de 2015,12 de febrero de 2015,Antioquia,Medelln,,CONSIDERACIONES | DECISIÓN,2,9052,0.192,0.228,0.933,0.069,—,—,—,—
7efa27692854007dcce7…,A-CE,CE,2016,[ver metadata_corpus_a.csv],Acción de Reparación Directa,,[extraer de PDF],[extraer de PDF],2016,[extraer de PDF],,,,HECHOS | CONSIDERACIONES | DECISIÓN,3,16693,0.195,0.233,0.956,0.270,—,—,—,—
7ffc5e67928f3a01276d…,A-CE,CE,2012,05001-23-31-000-2012-00599-02,Acción de Reparación Directa,Accede,[extraer de PDF],[extraer de PDF],16 de octubre de 2007,12 de octubre de 2017,Antioquia,Montebello,,DECISIÓN,1,705,0.233,0.288,0.650,0.000,—,—,—,—
828d11620a20da7e4a84…,A-CSJ,CSJ,2013,05001-23-33-000-2013-01022-01,Acción de Reparación Directa,Condena,[extraer de PDF],[extraer de PDF],31 de mayo de 2013,10 de junio de 2011,Antioquia,Bello,,CONSIDERACIONES,1,8000,0.248,0.303,1.000,0.000,—,—,—,—
829402b726f228fec323…,A-CE,CE,2017,11001-03-15-000-2017-01509-00,TUTELA,,[extraer de PDF],[extraer de PDF],12 de febrero de 2015,12 de febrero de 2015,Antioquia,Medelln,,CONSIDERACIONES | CARGOS | DECISIÓN,3,16191,0.241,0.292,0.988,0.000,—,—,—,—
8383f2a4b777890b894b…,A-CE,CE,2017,11001-03-15-000-2017-01509-00,TUTELA,,[extraer de PDF],[extraer de PDF],12 de febrero de 2015,12 de febrero de 2015,Antioquia,Medelln,,CONSIDERACIONES | DECISIÓN,2,9138,0.207,0.246,1.000,0.056,—,—,—,—
849bf9553f4f6fb2f976…,A-CSJ,CSJ,2014,85001-23-33-000-2014-00006-01,Acción de Reparación Directa,,[extraer de PDF],[extraer de PDF],15 de diciembre de 2016,9 de febrero de 2012,Casanare,,,DECISIÓN,1,1445,0.284,0.311,0.487,0.225,—,—,—,—
86612fca64bcb05a9d4e…,A-CE,CE,2005,05001-23-31-000-2005-05214-01,Acción de Reparación Directa,Condena,[extraer de PDF],[extraer de PDF],19 de abril de 2004,19 de abril de 2004,Cesar,Granada,,HECHOS | CONSIDERACIONES | DECISIÓN,3,21036,0.206,0.256,0.980,0.105,—,—,—,—
8695e3bbff2b1626bc06…,A-CSJ,CSJ,2014,85001-23-33-000-2014-00006-01,Acción de Reparación Directa,,[extraer de PDF],[extraer de PDF],15 de diciembre de 2016,9 de febrero de 2012,Casanare,,,CONSIDERACIONES | DECISIÓN,2,5971,0.268,0.318,1.000,0.000,—,—,—,—
8698957dce8f3b066587…,A-CE,CE,,[ver metadata_corpus_a.csv],Acción de Reparación Directa,,[extraer de PDF],[extraer de PDF],,[extraer de PDF],,,,DECISIÓN,1,2666,0.181,0.229,1.000,0.000,—,—,—,—
86c58e3302ae7ea2eead…,A-CE,CE,2016,[ver metadata_corpus_a.csv],Acción de Reparación Directa,,[extraer de PDF],[extraer de PDF],2016,[extraer de PDF],,,,CONSIDERACIONES | DECISIÓN | HECHOS | CARGOS,4,69676,0.202,0.222,0.883,0.015,—,—,—,—
8752ccb0cdc41f4410d1…,A-CSJ,CSJ,2014,85001-23-33-000-2014-00006-01,Acción de Reparación Directa,,[extraer de PDF],[extraer de PDF],15 de diciembre de 2016,9 de febrero de 2012,Casanare,,,CONSIDERACIONES,1,8000,0.209,0.250,1.000,0.000,—,—,—,—
8906a05addaf73674950…,A-CSJ,CSJ,2015,11001-03-15-000-2015-01676-00,Acción de Reparación Directa,,[extraer de PDF],[extraer de PDF],4 de junio de 2015,4 de junio de 2015,ANTIOQUIA,,,HECHOS | DECISIÓN,2,8949,0.160,0.212,0.890,0.000,—,—,—,—
8990f6200a9b0a5ada17…,A-CE,CE,2018,11001-03-15-000-2018-00348-01,TUTELA,Niega,[extraer de PDF],[extraer de PDF],31 de julio de 2012,28 de agosto de 2014,Huila,Pitalito,,HECHOS | CONSIDERACIONES | DECISIÓN,3,12601,0.180,0.218,0.883,0.546,—,—,—,—
89cb54f99680da083d37…,A-CE,CE,,[ver metadata_corpus_a.csv],Acción de Reparación Directa,,[extraer de PDF],[extraer de PDF],,[extraer de PDF],,,,CONSIDERACIONES | DECISIÓN,2,9216,0.224,0.266,0.931,0.000,—,—,—,—
8a736052e4150c4e698e…,A-CE,CE,2007,05001-23-31-000-2007-00013-01,Acción de Reparación Directa,Condena,[extraer de PDF],[extraer de PDF],13 de diciembre de 2005,14 de diciembre de 2007,Antioquia,Santa,,CONSIDERACIONES | HECHOS | DECISIÓN,3,23626,0.191,0.206,0.800,0.123,—,—,—,—
8ae9435d3ce088671ec3…,A-CE,CE,,[ver metadata_corpus_a.csv],Acción de Reparación Directa,,[extraer de PDF],[extraer de PDF],,[extraer de PDF],,,,CONSIDERACIONES | DECISIÓN,2,24000,0.173,0.224,1.000,0.278,—,—,—,—
8f8692086f524ad275c5…,A-CSJ,CSJ,2016,[ver metadata_corpus_a.csv],Acción de Reparación Directa,,[extraer de PDF],[extraer de PDF],2016,[extraer de PDF],,,,CONSIDERACIONES | DECISIÓN,2,8738,0.207,0.247,0.933,0.086,—,—,—,—
8fb4a679e739d9a79ee3…,A-CE,CE,2012,05001-23-31-000-2012-00599-02,Acción de Reparación Directa,Accede,[extraer de PDF],[extraer de PDF],16 de octubre de 2007,12 de octubre de 2017,Antioquia,Montebello,,CONSIDERACIONES | DECISIÓN,2,12690,0.226,0.280,1.000,0.030,—,—,—,—
8fba60217966df3ec043…,A-CSJ,CSJ,2017,11001-03-15-000-2017-01509-00,TUTELA,,[extraer de PDF],[extraer de PDF],12 de febrero de 2015,12 de febrero de 2015,Antioquia,Medelln,,DECISIÓN,1,847,0.214,0.254,1.000,0.000,—,—,—,—
8fd4f9a0479eb2822f11…,A-CE,CE,2015,11001-03-15-000-2015-01676-00,Acción de Reparación Directa,,[extraer de PDF],[extraer de PDF],4 de junio de 2015,4 de junio de 2015,ANTIOQUIA,,,CONSIDERACIONES | DECISIÓN,2,16433,0.186,0.228,0.667,0.224,—,—,—,—
920842d40706ca51069a…,A-CSJ,CSJ,2014,85001-23-33-000-2014-00006-01,Acción de Reparación Directa,,[extraer de PDF],[extraer de PDF],15 de diciembre de 2016,9 de febrero de 2012,Casanare,,,HECHOS | CONSIDERACIONES | DECISIÓN,3,12274,0.205,0.255,0.992,0.000,—,—,—,—
92de0775e7d0c941c3b6…,A-CE,CE,,[ver metadata_corpus_a.csv],Acción de Reparación Directa,,[extraer de PDF],[extraer de PDF],,[extraer de PDF],,,,DECISIÓN,1,1514,0.199,0.247,0.743,0.000,—,—,—,—
93089bb3d1b4f92da4b7…,A-CSJ,CSJ,2014,85001-23-33-000-2014-00006-01,Acción de Reparación Directa,,[extraer de PDF],[extraer de PDF],15 de diciembre de 2016,9 de febrero de 2012,Casanare,,,CONSIDERACIONES | DECISIÓN,2,8720,0.223,0.248,0.608,0.086,—,—,—,—
93cd493c18bc96eb2097…,A-CE,CE,,[ver metadata_corpus_a.csv],Acción de Reparación Directa,,[extraer de PDF],[extraer de PDF],,[extraer de PDF],,,,CONSIDERACIONES | HECHOS | DECISIÓN,3,20521,0.234,0.292,0.952,0.073,—,—,—,—
940bc8b01846705133a1…,A-CSJ,CSJ,2019,11001-03-15-000-2019-01556-00,TUTELA,,[extraer de PDF],[extraer de PDF],31 de mayo de 2013,23 de agosto de 2013,META,San,,CONSIDERACIONES | DECISIÓN,2,8955,0.161,0.206,0.890,0.065,—,—,—,—
9426d4a89f8bc30287b8…,A-CSJ,CSJ,2014,85001-23-33-000-2014-00006-01,Acción de Reparación Directa,,[extraer de PDF],[extraer de PDF],15 de diciembre de 2016,9 de febrero de 2012,Casanare,,,CONSIDERACIONES | DECISIÓN,2,8473,0.229,0.276,0.988,0.000,—,—,—,—
9561dc53d21bcaf10279…,A-CSJ,CSJ,2015,11001-03-15-000-2015-01676-00,Acción de Reparación Directa,,[extraer de PDF],[extraer de PDF],4 de junio de 2015,4 de junio de 2015,ANTIOQUIA,,,HECHOS | CONSIDERACIONES | DECISIÓN,3,9876,0.250,0.277,0.811,0.000,—,—,—,—
963ef8d22e1d958870fd…,A-CE,CE,,[ver metadata_corpus_a.csv],Acción de Reparación Directa,,[extraer de PDF],[extraer de PDF],,[extraer de PDF],,,,CONSIDERACIONES | DECISIÓN,2,12778,0.170,0.228,1.000,0.176,—,—,—,—
997f40b40ded4430488d…,A-CE,CE,2018,11001-03-15-000-2018-00348-01,TUTELA,Niega,[extraer de PDF],[extraer de PDF],31 de julio de 2012,28 de agosto de 2014,Huila,Pitalito,,CONSIDERACIONES | DECISIÓN,2,8764,0.224,0.274,1.000,0.120,—,—,—,—
9b9937638e2e24088512…,A-CE,CE,2011,05001-23-31-000-2011-00092-01,Acción de Reparación Directa,Accede,[extraer de PDF],[extraer de PDF],29 de enero de 2020,6 de diciembre de 2006,Antioquia,Santaf,,DECISIÓN,1,1620,0.178,0.252,0.500,0.000,—,—,—,—
9c24fba0ba7a0a467bb7…,A-CSJ,CSJ,2014,85001-23-33-000-2014-00006-01,Acción de Reparación Directa,,[extraer de PDF],[extraer de PDF],15 de diciembre de 2016,9 de febrero de 2012,Casanare,,,HECHOS | DECISIÓN,2,2022,0.234,0.297,0.861,0.000,—,—,—,—
9c9810687ab3fcab9c39…,A-CE,CE,2009,05001-23-31-000-2009-00233-01,"ACCIÓN

DE REPARACIÓN DIRECTA",Condena,[extraer de PDF],[extraer de PDF],2009,[extraer de PDF],Antioquia,Soacha,de,HECHOS | CONSIDERACIONES | DECISIÓN,3,19189,0.178,0.229,1.000,0.083,—,—,—,—
9e1ad91a57791069a3aa…,A-CE,CE,,[ver metadata_corpus_a.csv],Acción de Reparación Directa,,[extraer de PDF],[extraer de PDF],,[extraer de PDF],,,,CONSIDERACIONES | DECISIÓN,2,10688,0.205,0.249,0.914,0.190,—,—,—,—
9e69f9bcbc95fe0c0068…,A-CE,CE,,[ver metadata_corpus_a.csv],Acción de Reparación Directa,,[extraer de PDF],[extraer de PDF],,[extraer de PDF],,,,DECISIÓN,1,8000,0.142,0.193,1.000,0.143,—,—,—,—
a07146779a6dd7563c38…,A-CE,CE,2011,05001-23-31-000-2011-00092-01,Acción de Reparación Directa,Accede,[extraer de PDF],[extraer de PDF],29 de enero de 2020,6 de diciembre de 2006,Antioquia,Santaf,,HECHOS | DECISIÓN,2,9446,0.209,0.254,0.608,0.068,—,—,—,—
a0a90e425086749aacc5…,A-CE,CE,,[ver metadata_corpus_a.csv],Acción de Reparación Directa,,[extraer de PDF],[extraer de PDF],,[extraer de PDF],,,,DECISIÓN,1,493,0.190,0.225,0.000,0.000,—,—,—,—
a2a0d6158d9ba6d940b1…,A-CE,CE,2005,05001-23-31-000-2005-05214-01,Acción de Reparación Directa,Condena,[extraer de PDF],[extraer de PDF],19 de abril de 2004,19 de abril de 2004,Cesar,Granada,,CONSIDERACIONES | DECISIÓN,2,9271,0.158,0.199,1.000,0.161,—,—,—,—
a378f835f8de9d90f475…,A-CSJ,CSJ,2013,05001-23-33-000-2013-01022-01,Acción de Reparación Directa,Condena,[extraer de PDF],[extraer de PDF],31 de mayo de 2013,10 de junio de 2011,Antioquia,Bello,,DECISIÓN,1,1514,0.213,0.247,0.756,0.281,—,—,—,—
a401074525a27dc4a93c…,A-CE,CE,2017,11001-03-15-000-2017-01509-00,TUTELA,,[extraer de PDF],[extraer de PDF],12 de febrero de 2015,12 de febrero de 2015,Antioquia,Medelln,,CONSIDERACIONES | DECISIÓN,2,8971,0.191,0.235,0.933,0.045,—,—,—,—
a456317fa574c28c6c47…,A-CE,CE,2017,11001-03-15-000-2017-01509-00,TUTELA,,[extraer de PDF],[extraer de PDF],12 de febrero de 2015,12 de febrero de 2015,Antioquia,Medelln,,CONSIDERACIONES | DECISIÓN,2,9079,0.170,0.211,1.000,0.000,—,—,—,—
a4a3e6dd75b71212148d…,A-CE,CE,2017,11001-03-15-000-2017-01509-00,TUTELA,,[extraer de PDF],[extraer de PDF],12 de febrero de 2015,12 de febrero de 2015,Antioquia,Medelln,,CONSIDERACIONES | DECISIÓN,2,8929,0.206,0.239,1.000,0.037,—,—,—,—
a4e132f42a430a865b8c…,A-CE,CE,2009,05001-23-31-000-2009-00233-01,"ACCIÓN

DE REPARACIÓN DIRECTA",Condena,[extraer de PDF],[extraer de PDF],2009,[extraer de PDF],Antioquia,Soacha,de,DECISIÓN,1,2808,0.153,0.236,1.000,0.725,—,—,—,—
a5acda67e247666bef63…,A-CSJ,CSJ,2016,[ver metadata_corpus_a.csv],Acción de Reparación Directa,,[extraer de PDF],[extraer de PDF],2016,[extraer de PDF],,,,CONSIDERACIONES | DECISIÓN,2,3148,0.256,0.276,0.964,0.000,—,—,—,—
a5fe81001ff8ad88dd41…,A-CE,CE,,[ver metadata_corpus_a.csv],Acción de Reparación Directa,,[extraer de PDF],[extraer de PDF],,[extraer de PDF],,,,CONSIDERACIONES | DECISIÓN,2,8551,0.200,0.243,0.857,0.000,—,—,—,—
a7b8b3f9e00f55601e36…,A-CE,CE,,[ver metadata_corpus_a.csv],Acción de Reparación Directa,,[extraer de PDF],[extraer de PDF],,[extraer de PDF],,,,CONSIDERACIONES | HECHOS | DECISIÓN,3,13174,0.179,0.216,0.704,0.000,—,—,—,—
a84bf555763598812ee0…,A-CSJ,CSJ,2016,[ver metadata_corpus_a.csv],Acción de Reparación Directa,,[extraer de PDF],[extraer de PDF],2016,[extraer de PDF],,,,HECHOS | CONSIDERACIONES | DECISIÓN,3,9322,0.189,0.241,0.927,0.069,—,—,—,—
a8a3c7f204880ad2045f…,A-CE,CE,2021,11001-03-15-000-2021-02797-00,TUTELA,,[extraer de PDF],[extraer de PDF],4 de junio de 2010,8 de noviembre de 2017,Huila,,,DECISIÓN | CONSIDERACIONES,2,5430,0.200,0.242,1.000,0.500,—,—,—,—
a926896c2c238b5bd3dd…,A-CSJ,CSJ,2014,85001-23-33-000-2014-00006-01,Acción de Reparación Directa,,[extraer de PDF],[extraer de PDF],15 de diciembre de 2016,9 de febrero de 2012,Casanare,,,HECHOS | CONSIDERACIONES | DECISIÓN,3,11249,0.259,0.284,0.973,0.000,—,—,—,—
ae34bd6296146e45be80…,A-CSJ,CSJ,2015,11001-03-15-000-2015-01676-00,Acción de Reparación Directa,,[extraer de PDF],[extraer de PDF],4 de junio de 2015,4 de junio de 2015,ANTIOQUIA,,,DECISIÓN,1,1181,0.225,0.276,0.780,0.321,—,—,—,—
ae46f73439902655deca…,A-CE,CE,2006,05001-23-31-000-2006-00039-01,Acción de Reparación Directa,Condena,Magistrado,[extraer de PDF],8 de julio de 2009,23 de agosto de 2010,Antioquia,Caicedo,,CONSIDERACIONES | DECISIÓN,2,14672,0.187,0.222,0.618,0.000,—,—,—,—
ae9e6581dbdc3407c98b…,A-CSJ,CSJ,2016,[ver metadata_corpus_a.csv],Acción de Reparación Directa,,[extraer de PDF],[extraer de PDF],2016,[extraer de PDF],,,,CONSIDERACIONES,1,8000,0.262,0.299,1.000,0.000,—,—,—,—
aeab01bc5cd03110bac1…,A-CSJ,CSJ,2013,05001-23-33-000-2013-01022-01,Acción de Reparación Directa,Condena,[extraer de PDF],[extraer de PDF],31 de mayo de 2013,10 de junio de 2011,Antioquia,Bello,,CONSIDERACIONES | DECISIÓN,2,9089,0.258,0.292,0.739,0.000,—,—,—,—
b05f381ca34ae4be3d7c…,A-CE,CE,2018,11001-03-15-000-2018-00348-01,TUTELA,Niega,[extraer de PDF],[extraer de PDF],31 de julio de 2012,28 de agosto de 2014,Huila,Pitalito,,HECHOS | DECISIÓN,2,8611,0.176,0.248,0.890,0.120,—,—,—,—
b0684112e798e12a9444…,A-CSJ,CSJ,2015,11001-03-15-000-2015-01676-00,Acción de Reparación Directa,,[extraer de PDF],[extraer de PDF],4 de junio de 2015,4 de junio de 2015,ANTIOQUIA,,,CONSIDERACIONES | DECISIÓN,2,8618,0.210,0.248,0.933,0.000,—,—,—,—
b0df2b8eaff4ca6d8bd8…,A-CSJ,CSJ,2014,85001-23-33-000-2014-00006-01,Acción de Reparación Directa,,[extraer de PDF],[extraer de PDF],15 de diciembre de 2016,9 de febrero de 2012,Casanare,,,CONSIDERACIONES | DECISIÓN,2,8532,0.216,0.241,1.000,0.000,—,—,—,—
b12cf5c14bcafce006d2…,A-CSJ,CSJ,2014,85001-23-33-000-2014-00006-01,Acción de Reparación Directa,,[extraer de PDF],[extraer de PDF],15 de diciembre de 2016,9 de febrero de 2012,Casanare,,,HECHOS | CONSIDERACIONES | DECISIÓN,3,10872,0.218,0.262,0.804,0.000,—,—,—,—
b1be861bfbf5719834ba…,A-CE,CE,,[ver metadata_corpus_a.csv],Acción de Reparación Directa,,[extraer de PDF],[extraer de PDF],,[extraer de PDF],,,,DECISIÓN,1,1474,0.239,0.284,0.939,0.000,—,—,—,—
b20fe3243343cef03590…,A-CE,CE,,[ver metadata_corpus_a.csv],Acción de Reparación Directa,,[extraer de PDF],[extraer de PDF],,[extraer de PDF],,,,DECISIÓN,1,306,0.276,0.311,0.000,0.000,—,—,—,—
b25be1e4f4bc77b8b3b0…,A-CSJ,CSJ,2014,85001-23-33-000-2014-00006-01,Acción de Reparación Directa,,[extraer de PDF],[extraer de PDF],15 de diciembre de 2016,9 de febrero de 2012,Casanare,,,CONSIDERACIONES | DECISIÓN,2,8683,0.229,0.277,0.933,0.000,—,—,—,—
b290640286fba24996d8…,A-CE,CE,2011,05001-23-31-000-2011-00092-01,Acción de Reparación Directa,Accede,[extraer de PDF],[extraer de PDF],29 de enero de 2020,6 de diciembre de 2006,Antioquia,Santaf,,DECISIÓN,1,1409,0.264,0.305,0.196,0.000,—,—,—,—
b4885a59c00544b71ad2…,A-CSJ,CSJ,2015,11001-03-15-000-2015-01676-00,Acción de Reparación Directa,,[extraer de PDF],[extraer de PDF],4 de junio de 2015,4 de junio de 2015,ANTIOQUIA,,,CONSIDERACIONES | DECISIÓN,2,8609,0.179,0.225,0.988,0.000,—,—,—,—
b4fe2e08aca38da47b41…,A-CE,CE,2017,11001-03-15-000-2017-01509-00,TUTELA,,[extraer de PDF],[extraer de PDF],12 de febrero de 2015,12 de febrero de 2015,Antioquia,Medelln,,CONSIDERACIONES | DECISIÓN,2,8924,0.215,0.265,0.825,0.000,—,—,—,—
b6db713596d5b69d333f…,A-CSJ,CSJ,2014,85001-23-33-000-2014-00006-01,Acción de Reparación Directa,,[extraer de PDF],[extraer de PDF],15 de diciembre de 2016,9 de febrero de 2012,Casanare,,,CARGOS | CONSIDERACIONES | DECISIÓN,3,11869,0.227,0.261,0.922,0.228,—,—,—,—
b8a72e19d5adaa62d941…,A-CE,CE,2017,11001-03-15-000-2017-01509-00,TUTELA,,[extraer de PDF],[extraer de PDF],12 de febrero de 2015,12 de febrero de 2015,Antioquia,Medelln,,HECHOS | CONSIDERACIONES | DECISIÓN,3,17486,0.198,0.243,0.858,0.000,—,—,—,—
b9f9fd4aa5c362101ccb…,A-CE,CE,,[ver metadata_corpus_a.csv],Acción de Reparación Directa,,[extraer de PDF],[extraer de PDF],,[extraer de PDF],,,,CONSIDERACIONES | DECISIÓN,2,10373,0.185,0.231,1.000,0.202,—,—,—,—
ba28871aa5e3de1f269f…,A-CE,CE,2007,05001-23-31-000-2007-00013-01,Acción de Reparación Directa,Condena,[extraer de PDF],[extraer de PDF],13 de diciembre de 2005,14 de diciembre de 2007,Antioquia,Santa,,CONSIDERACIONES | HECHOS | DECISIÓN,3,24798,0.236,0.272,0.775,0.202,—,—,—,—
bad2a966a35b0bacf4f0…,A-CE,CE,2006,05001-23-31-000-2006-00039-01,Acción de Reparación Directa,Condena,Magistrado,[extraer de PDF],8 de julio de 2009,23 de agosto de 2010,Antioquia,Caicedo,,HECHOS | DECISIÓN,2,16000,0.203,0.253,0.987,0.028,—,—,—,—
bb30a038bca732234244…,A-CE,CE,2017,11001-03-15-000-2017-01509-00,TUTELA,,[extraer de PDF],[extraer de PDF],12 de febrero de 2015,12 de febrero de 2015,Antioquia,Medelln,,HECHOS | CONSIDERACIONES | DECISIÓN,3,13183,0.236,0.281,1.000,0.054,—,—,—,—
bc32651c079994f34e27…,A-CSJ,CSJ,2014,85001-23-33-000-2014-00006-01,Acción de Reparación Directa,,[extraer de PDF],[extraer de PDF],15 de diciembre de 2016,9 de febrero de 2012,Casanare,,,CONSIDERACIONES | DECISIÓN,2,9122,0.201,0.238,1.000,0.000,—,—,—,—
bcd333ff5277c3fd606f…,A-CE,CE,2017,11001-03-15-000-2017-01509-00,TUTELA,,[extraer de PDF],[extraer de PDF],12 de febrero de 2015,12 de febrero de 2015,Antioquia,Medelln,,CONSIDERACIONES | DECISIÓN,2,8973,0.187,0.221,0.871,0.000,—,—,—,—
bce62fa6635eb9c1ccd8…,A-CSJ,CSJ,2014,85001-23-33-000-2014-00006-01,Acción de Reparación Directa,,[extraer de PDF],[extraer de PDF],15 de diciembre de 2016,9 de febrero de 2012,Casanare,,,HECHOS | CARGOS | CONSIDERACIONES | DECISIÓN,4,41083,0.170,0.216,0.927,0.100,—,—,—,—
bd84e0e05af15669b4ec…,A-CE,CE,2017,11001-03-15-000-2017-01509-00,TUTELA,,[extraer de PDF],[extraer de PDF],12 de febrero de 2015,12 de febrero de 2015,Antioquia,Medelln,,HECHOS | DECISIÓN | CONSIDERACIONES | CARGOS,4,156996,0.217,0.239,0.879,0.040,—,—,—,—
bdc843a5729f89c090c9…,A-CE,CE,2020,11001-03-15-000-2020-00437-01,TUTELA,Niega,[extraer de PDF],[extraer de PDF],23 de julio de 2019,28 de agosto de 2014,Huila,Planadas,,CONSIDERACIONES | DECISIÓN,2,10318,0.241,0.265,0.767,0.000,—,—,—,—
bdd5ae3bf5317406cf2a…,A-CE,CE,2008,05001-23-31-000-2008-00054-01,"ACCIÓN

DE REPARACIÓN DIRECTA",Condena,[extraer de PDF],[extraer de PDF],28 de diciembre de 2005,19 de diciembre de 2007,Antioquia,Soacha,,DECISIÓN,1,3865,0.243,0.271,1.000,0.769,—,—,—,—
bde275be985fa79f4901…,A-CSJ,CSJ,2014,85001-23-33-000-2014-00006-01,Acción de Reparación Directa,,[extraer de PDF],[extraer de PDF],15 de diciembre de 2016,9 de febrero de 2012,Casanare,,,CONSIDERACIONES | DECISIÓN,2,16000,0.192,0.225,1.000,0.000,—,—,—,—
bdeb25833f827d6b54af…,A-CE,CE,2014,85001-23-33-000-2014-00006-01,Acción de Reparación Directa,,[extraer de PDF],[extraer de PDF],15 de diciembre de 2016,9 de febrero de 2012,Casanare,,,HECHOS | CONSIDERACIONES | DECISIÓN,3,16964,0.219,0.253,0.976,0.032,—,—,—,—
bec5401dce335865ec7f…,A-CSJ,CSJ,2004,05001-23-31-000-2004-01289-01,Acción de Reparación Directa,,[extraer de PDF],[extraer de PDF],9 de marzo de 2002,[extraer de PDF],Antioquia,San,,CONSIDERACIONES | DECISIÓN,2,8944,0.207,0.245,0.778,0.000,—,—,—,—
c0a97e16ecc76c1678ed…,A-CSJ,CSJ,2001,25000-23-26-000-2001-00297-01,ACCION DE REPARACION DIRECTA,,[extraer de PDF],[extraer de PDF],8 de agosto de 2003,13 de julio de 1993,,,,HECHOS | CONSIDERACIONES | DECISIÓN,3,17121,0.223,0.264,0.810,0.000,—,—,—,—
c1d74a603a6e0b5d0e3d…,A-CSJ,CSJ,2010,44001-23-31-000-2010-00238-01,Acción de Reparación Directa,Condena,[extraer de PDF],[extraer de PDF],7 de septiembre de 2015,6 de julio de 2016,Norte de Santander,San,,HECHOS | CONSIDERACIONES | DECISIÓN,3,10585,0.229,0.265,0.811,0.000,—,—,—,—
c1d9f13438c1de88e125…,A-CSJ,CSJ,2015,11001-03-15-000-2015-01676-00,Acción de Reparación Directa,,[extraer de PDF],[extraer de PDF],4 de junio de 2015,4 de junio de 2015,ANTIOQUIA,,,CONSIDERACIONES | DECISIÓN,2,8827,0.269,0.312,1.000,0.080,—,—,—,—
c221692920ea88fd4ff4…,A-CE,CE,2013,05001-23-33-000-2013-01022-01,Acción de Reparación Directa,Condena,[extraer de PDF],[extraer de PDF],31 de mayo de 2013,10 de junio de 2011,Antioquia,Bello,,HECHOS | CONSIDERACIONES | DECISIÓN,3,24771,0.239,0.275,0.800,0.056,—,—,—,—
c222575da4c1142a1ed5…,A-CE,CE,2006,05001-23-31-000-2006-00039-01,Acción de Reparación Directa,Condena,Magistrado,[extraer de PDF],8 de julio de 2009,23 de agosto de 2010,Antioquia,Caicedo,,DECISIÓN,1,523,0.184,0.255,0.650,0.000,—,—,—,—
c278eaf7ad429d8147d4…,A-CSJ,CSJ,2010,44001-23-31-000-2010-00238-01,Acción de Reparación Directa,Condena,[extraer de PDF],[extraer de PDF],7 de septiembre de 2015,6 de julio de 2016,Norte de Santander,San,,CONSIDERACIONES | DECISIÓN,2,16000,0.275,0.328,1.000,0.000,—,—,—,—
c42ba148300730f4a071…,A-CSJ,CSJ,2015,11001-03-15-000-2015-01676-00,Acción de Reparación Directa,,[extraer de PDF],[extraer de PDF],4 de junio de 2015,4 de junio de 2015,ANTIOQUIA,,,HECHOS | CONSIDERACIONES | DECISIÓN,3,7923,0.188,0.248,0.956,0.079,—,—,—,—
c47ce5a90ec4b4ce6f21…,A-CSJ,CSJ,,[ver metadata_corpus_a.csv],Acción de Reparación Directa,,[extraer de PDF],[extraer de PDF],,[extraer de PDF],,,,HECHOS | DECISIÓN,2,2131,0.190,0.226,0.933,0.250,—,—,—,—
c4c4285e78cae0749940…,A-CE,CE,2017,11001-03-15-000-2017-01509-00,TUTELA,,[extraer de PDF],[extraer de PDF],12 de febrero de 2015,12 de febrero de 2015,Antioquia,Medelln,,CONSIDERACIONES | DECISIÓN,2,9544,0.214,0.253,1.000,0.040,—,—,—,—
c4d4e8b6d81885862d74…,A-CE,CE,2018,11001-03-15-000-2018-00348-01,TUTELA,Niega,[extraer de PDF],[extraer de PDF],31 de julio de 2012,28 de agosto de 2014,Huila,Pitalito,,CONSIDERACIONES | DECISIÓN,2,8703,0.257,0.298,0.988,0.130,—,—,—,—
c643525bb6a6c431abdc…,A-CSJ,CSJ,2015,11001-03-15-000-2015-01676-00,Acción de Reparación Directa,,[extraer de PDF],[extraer de PDF],4 de junio de 2015,4 de junio de 2015,ANTIOQUIA,,,CONSIDERACIONES | DECISIÓN,2,9164,0.207,0.270,1.000,0.313,—,—,—,—
c69dc286db3c9455d3cf…,A-CSJ,CSJ,2014,85001-23-33-000-2014-00006-01,Acción de Reparación Directa,,[extraer de PDF],[extraer de PDF],15 de diciembre de 2016,9 de febrero de 2012,Casanare,,,CONSIDERACIONES | DECISIÓN,2,8586,0.194,0.228,1.000,0.000,—,—,—,—
c76a6c050b25c99f0925…,A-CE,CE,2004,05001-23-31-000-2004-01289-01,Acción de Reparación Directa,,[extraer de PDF],[extraer de PDF],9 de marzo de 2002,[extraer de PDF],Antioquia,San,,CONSIDERACIONES | DECISIÓN,2,8639,0.200,0.245,0.858,0.050,—,—,—,—
c7e4faba1b79c771b2d9…,A-CE,CE,,[ver metadata_corpus_a.csv],Acción de Reparación Directa,,[extraer de PDF],[extraer de PDF],,[extraer de PDF],,,,DECISIÓN,1,1755,0.245,0.281,1.000,0.000,—,—,—,—
c82de3033e6e9712e9be…,A-CSJ,CSJ,2018,11001-03-15-000-2018-00348-01,TUTELA,Niega,[extraer de PDF],[extraer de PDF],31 de julio de 2012,28 de agosto de 2014,Huila,Pitalito,,HECHOS | CARGOS | CONSIDERACIONES | DECISIÓN,4,19461,0.228,0.272,0.865,0.000,—,—,—,—
c8e3b5b128862d35b4eb…,A-CE,CE,,[ver metadata_corpus_a.csv],Acción de Reparación Directa,,[extraer de PDF],[extraer de PDF],,[extraer de PDF],,,,DECISIÓN,1,2170,0.250,0.279,0.733,0.000,—,—,—,—
c96e93212fb2bae3565e…,A-CSJ,CSJ,2016,[ver metadata_corpus_a.csv],Acción de Reparación Directa,,[extraer de PDF],[extraer de PDF],2016,[extraer de PDF],,,,CONSIDERACIONES,1,8000,0.217,0.260,1.000,0.113,—,—,—,—
c9d3820f5dc36b34223f…,A-CE,CE,2017,11001-03-15-000-2017-01509-00,TUTELA,,[extraer de PDF],[extraer de PDF],12 de febrero de 2015,12 de febrero de 2015,Antioquia,Medelln,,DECISIÓN,1,682,0.217,0.254,0.650,0.000,—,—,—,—
ca2ba5db740d9ea63e8c…,A-CE,CE,2019,11001-03-15-000-2019-01556-00,TUTELA,,[extraer de PDF],[extraer de PDF],31 de mayo de 2013,23 de agosto de 2013,META,San,,HECHOS | CONSIDERACIONES | DECISIÓN,3,17732,0.172,0.225,1.000,0.260,—,—,—,—
ca4b10eb48138e1df4eb…,A-CE,CE,2002,[ver metadata_corpus_a.csv],Acción de Reparación Directa,,[extraer de PDF],[extraer de PDF],2002,[extraer de PDF],,,,CONSIDERACIONES | HECHOS | DECISIÓN,3,24043,0.190,0.244,1.000,0.124,—,—,—,—
ca66e02c1b6e5c645e0c…,A-CE,CE,2019,11001-03-15-000-2019-01556-00,TUTELA,,[extraer de PDF],[extraer de PDF],31 de mayo de 2013,23 de agosto de 2013,META,San,,CONSIDERACIONES | DECISIÓN,2,10496,0.220,0.262,1.000,0.286,—,—,—,—
cbdf9a296c1dca6cbd0e…,A-CSJ,CSJ,2019,11001-03-15-000-2019-01556-00,TUTELA,,[extraer de PDF],[extraer de PDF],31 de mayo de 2013,23 de agosto de 2013,META,San,,CONSIDERACIONES | DECISIÓN,2,7837,0.168,0.226,0.662,0.043,—,—,—,—
ccde7d83c86956127ee7…,A-CSJ,CSJ,2014,85001-23-33-000-2014-00006-01,Acción de Reparación Directa,,[extraer de PDF],[extraer de PDF],15 de diciembre de 2016,9 de febrero de 2012,Casanare,,,HECHOS | DECISIÓN,2,1728,0.279,0.302,1.000,0.000,—,—,—,—
ce1823634145536d41bd…,A-CE,CE,2019,11001-03-15-000-2019-01556-00,TUTELA,,[extraer de PDF],[extraer de PDF],31 de mayo de 2013,23 de agosto de 2013,META,San,,CONSIDERACIONES | DECISIÓN,2,8943,0.223,0.259,0.927,0.000,—,—,—,—
ce7e21d9cf563292fad3…,A-CE,CE,2004,05001-23-31-000-2004-01289-01,Acción de Reparación Directa,,[extraer de PDF],[extraer de PDF],9 de marzo de 2002,[extraer de PDF],Antioquia,San,,CONSIDERACIONES | HECHOS | DECISIÓN,3,30746,0.210,0.240,0.800,0.060,—,—,—,—
cf64a4026cc99439542e…,A-CE,CE,2018,11001-03-15-000-2018-00348-01,TUTELA,Niega,[extraer de PDF],[extraer de PDF],31 de julio de 2012,28 de agosto de 2014,Huila,Pitalito,,CONSIDERACIONES | DECISIÓN,2,9688,0.250,0.273,0.840,0.000,—,—,—,—
d1501d4896ef9899961e…,A-CSJ,CSJ,2017,11001-03-15-000-2017-01509-00,TUTELA,,[extraer de PDF],[extraer de PDF],12 de febrero de 2015,12 de febrero de 2015,Antioquia,Medelln,,HECHOS | CONSIDERACIONES | DECISIÓN,3,17509,0.176,0.207,0.829,0.294,—,—,—,—
d1fb3b43b90d9c741653…,A-CSJ,CSJ,2014,85001-23-33-000-2014-00006-01,Acción de Reparación Directa,,[extraer de PDF],[extraer de PDF],15 de diciembre de 2016,9 de febrero de 2012,Casanare,,,CARGOS | CONSIDERACIONES,2,16000,0.202,0.256,1.000,0.233,—,—,—,—
d313e99855ec56b686e7…,A-CE,CE,2008,05001-23-31-000-2008-00054-01,"ACCIÓN

DE REPARACIÓN DIRECTA",Condena,[extraer de PDF],[extraer de PDF],28 de diciembre de 2005,19 de diciembre de 2007,Antioquia,Soacha,,CONSIDERACIONES | HECHOS | DECISIÓN | CARGOS,4,136150,0.206,0.272,0.901,0.057,—,—,—,—
d34e73987d1ce11f39cd…,A-CE,CE,2004,05001-23-31-000-2004-01289-01,Acción de Reparación Directa,,[extraer de PDF],[extraer de PDF],9 de marzo de 2002,[extraer de PDF],Antioquia,San,,CONSIDERACIONES | DECISIÓN,2,30996,0.189,0.231,0.957,0.079,—,—,—,—
d486f76d012c734ac901…,A-CE,CE,2002,[ver metadata_corpus_a.csv],Acción de Reparación Directa,,[extraer de PDF],[extraer de PDF],2002,[extraer de PDF],,,,DECISIÓN,1,3458,0.191,0.256,1.000,0.165,—,—,—,—
d4f1ec308715f9199e81…,A-CSJ,CSJ,2016,[ver metadata_corpus_a.csv],Acción de Reparación Directa,,[extraer de PDF],[extraer de PDF],2016,[extraer de PDF],,,,HECHOS | CONSIDERACIONES | DECISIÓN,3,9512,0.199,0.242,0.840,0.045,—,—,—,—
d66b3436b885d33c3eda…,A-CSJ,CSJ,2016,[ver metadata_corpus_a.csv],Acción de Reparación Directa,,[extraer de PDF],[extraer de PDF],2016,[extraer de PDF],,,,DECISIÓN,1,816,0.226,0.273,1.000,0.000,—,—,—,—
d7baa5d83fa92ed0461b…,A-CE,CE,,[ver metadata_corpus_a.csv],Acción de Reparación Directa,,[extraer de PDF],[extraer de PDF],,[extraer de PDF],,,,DECISIÓN,1,6104,0.231,0.296,1.000,0.550,—,—,—,—
d8b92a2308557bd55137…,A-CSJ,CSJ,2016,[ver metadata_corpus_a.csv],Acción de Reparación Directa,,[extraer de PDF],[extraer de PDF],2016,[extraer de PDF],,,,CARGOS | DECISIÓN,2,8775,0.205,0.260,0.654,0.054,—,—,—,—
d8d34808d36ea8f85164…,A-CE,CE,2003,20001-23-31-000-2003-01951-01,ACCION DE REPARACION DIRECTA,,[extraer de PDF],[extraer de PDF],1 de febrero de 2003,1 de febrero de 2003,Cesar,La,,CONSIDERACIONES,1,8000,0.196,0.251,1.000,0.397,—,—,—,—
d95ac6a1be3265873ea9…,A-CE,CE,,[ver metadata_corpus_a.csv],Acción de Reparación Directa,,[extraer de PDF],[extraer de PDF],,[extraer de PDF],,,,DECISIÓN,1,2402,0.153,0.238,0.433,0.412,—,—,—,—
da4f9dd7ff238a27c727…,A-CE,CE,2005,05001-23-31-000-2005-05214-01,Acción de Reparación Directa,Condena,[extraer de PDF],[extraer de PDF],19 de abril de 2004,19 de abril de 2004,Cesar,Granada,,DECISIÓN,1,4597,0.191,0.252,1.000,0.378,—,—,—,—
db9d7c74bc297e1b1ce3…,A-CE,CE,2017,11001-03-15-000-2017-01509-00,TUTELA,,[extraer de PDF],[extraer de PDF],12 de febrero de 2015,12 de febrero de 2015,Antioquia,Medelln,,HECHOS | DECISIÓN,2,8820,0.242,0.294,0.686,0.241,—,—,—,—
dd06dc7442e0a29cf343…,A-CSJ,CSJ,2014,85001-23-33-000-2014-00006-01,Acción de Reparación Directa,,[extraer de PDF],[extraer de PDF],15 de diciembre de 2016,9 de febrero de 2012,Casanare,,,CONSIDERACIONES | DECISIÓN,2,8834,0.203,0.248,1.000,0.102,—,—,—,—
dd624c162f87b675f9ee…,A-CSJ,CSJ,2018,11001-03-15-000-2018-00348-01,TUTELA,Niega,[extraer de PDF],[extraer de PDF],31 de julio de 2012,28 de agosto de 2014,Huila,Pitalito,,HECHOS | CONSIDERACIONES | DECISIÓN,3,17058,0.198,0.252,0.956,0.000,—,—,—,—
ddeb856c980f25c2dc3f…,A-CE,CE,2016,[ver metadata_corpus_a.csv],Acción de Reparación Directa,,[extraer de PDF],[extraer de PDF],2016,[extraer de PDF],,,,CONSIDERACIONES | DECISIÓN,2,2953,0.223,0.270,0.988,0.000,—,—,—,—
de242b4cc9f12c10c809…,A-CE,CE,2019,11001-03-15-000-2019-01556-00,TUTELA,,[extraer de PDF],[extraer de PDF],31 de mayo de 2013,23 de agosto de 2013,META,San,,HECHOS | CONSIDERACIONES | DECISIÓN,3,14455,0.167,0.227,0.883,0.019,—,—,—,—
dea3d90ee23bbf805bd9…,A-CE,CE,,[ver metadata_corpus_a.csv],Acción de Reparación Directa,,[extraer de PDF],[extraer de PDF],,[extraer de PDF],,,,CONSIDERACIONES | DECISIÓN,2,9684,0.243,0.283,0.622,0.017,—,—,—,—
dff68261216a548b4939…,A-CSJ,CSJ,2015,11001-03-15-000-2015-01676-00,Acción de Reparación Directa,,[extraer de PDF],[extraer de PDF],4 de junio de 2015,4 de junio de 2015,ANTIOQUIA,,,HECHOS | CONSIDERACIONES | DECISIÓN,3,9028,0.234,0.276,0.757,0.000,—,—,—,—
e131fa29090de067ace1…,A-CE,CE,,[ver metadata_corpus_a.csv],Acción de Reparación Directa,,[extraer de PDF],[extraer de PDF],,[extraer de PDF],,,,HECHOS | CONSIDERACIONES | DECISIÓN,3,19748,0.221,0.271,1.000,0.056,—,—,—,—
e223c61ed7c208815b83…,A-CE,CE,2005,05001-23-31-000-2005-05214-01,Acción de Reparación Directa,Condena,[extraer de PDF],[extraer de PDF],19 de abril de 2004,19 de abril de 2004,Cesar,Granada,,CONSIDERACIONES | DECISIÓN,2,9222,0.221,0.265,0.630,0.000,—,—,—,—
e2a00fc501f37b68aca1…,A-CSJ,CSJ,2017,11001-03-15-000-2017-01509-00,TUTELA,,[extraer de PDF],[extraer de PDF],12 de febrero de 2015,12 de febrero de 2015,Antioquia,Medelln,,HECHOS | CONSIDERACIONES | DECISIÓN,3,16986,0.188,0.226,0.852,0.308,—,—,—,—
e62b28e9f470b0abf3b3…,A-CSJ,CSJ,2016,[ver metadata_corpus_a.csv],Acción de Reparación Directa,,[extraer de PDF],[extraer de PDF],2016,[extraer de PDF],,,,HECHOS | CONSIDERACIONES | DECISIÓN,3,9453,0.179,0.238,0.992,0.000,—,—,—,—
e7173d1fcff2cf6bdac6…,A-CE,CE,2003,20001-23-31-000-2003-01951-01,ACCION DE REPARACION DIRECTA,,[extraer de PDF],[extraer de PDF],1 de febrero de 2003,1 de febrero de 2003,Cesar,La,,HECHOS | DECISIÓN,2,9929,0.213,0.252,0.896,0.000,—,—,—,—
e7f2092d1e1ac15ef951…,A-CSJ,CSJ,2020,11001-03-15-000-2020-00437-01,TUTELA,Niega,[extraer de PDF],[extraer de PDF],23 de julio de 2019,28 de agosto de 2014,Huila,Planadas,,CONSIDERACIONES | DECISIÓN,2,8070,0.261,0.295,1.000,0.053,—,—,—,—
e80a5b7facae5c99383a…,A-CE,CE,2015,11001-03-15-000-2015-01676-00,Acción de Reparación Directa,,[extraer de PDF],[extraer de PDF],4 de junio de 2015,4 de junio de 2015,ANTIOQUIA,,,DECISIÓN,1,1154,0.198,0.234,1.000,0.000,—,—,—,—
e999984766ad22f0af16…,A-CSJ,CSJ,2017,11001-03-15-000-2017-01509-00,TUTELA,,[extraer de PDF],[extraer de PDF],12 de febrero de 2015,12 de febrero de 2015,Antioquia,Medelln,,CONSIDERACIONES | DECISIÓN,2,8919,0.186,0.232,0.933,0.181,—,—,—,—
ea6d05e01ebc2b1b832e…,A-CE,CE,2016,[ver metadata_corpus_a.csv],Acción de Reparación Directa,,[extraer de PDF],[extraer de PDF],2016,[extraer de PDF],,,,CARGOS | DECISIÓN,2,16000,0.186,0.221,0.769,0.000,—,—,—,—
eae717c0c035c62781ed…,A-CE,CE,2002,[ver metadata_corpus_a.csv],Acción de Reparación Directa,,[extraer de PDF],[extraer de PDF],2002,[extraer de PDF],,,,CONSIDERACIONES | DECISIÓN,2,12113,0.202,0.245,1.000,0.152,—,—,—,—
eba83016ec24d9627703…,A-CSJ,CSJ,2016,[ver metadata_corpus_a.csv],Acción de Reparación Directa,,[extraer de PDF],[extraer de PDF],2016,[extraer de PDF],,,,HECHOS | DECISIÓN,2,9219,0.222,0.281,0.932,0.141,—,—,—,—
ecd95cf3290421be14f2…,A-CSJ,CSJ,2016,[ver metadata_corpus_a.csv],Acción de Reparación Directa,,[extraer de PDF],[extraer de PDF],2016,[extraer de PDF],,,,HECHOS | CONSIDERACIONES | DECISIÓN,3,5002,0.207,0.251,1.000,0.000,—,—,—,—
eda9645d16abac33fb0e…,A-CSJ,CSJ,2017,11001-03-15-000-2017-01509-00,TUTELA,,[extraer de PDF],[extraer de PDF],12 de febrero de 2015,12 de febrero de 2015,Antioquia,Medelln,,CONSIDERACIONES | DECISIÓN,2,9956,0.215,0.239,0.825,0.000,—,—,—,—
edbf193021b34839684d…,A-CSJ,CSJ,2016,[ver metadata_corpus_a.csv],Acción de Reparación Directa,,[extraer de PDF],[extraer de PDF],2016,[extraer de PDF],,,,HECHOS | CONSIDERACIONES | DECISIÓN,3,9495,0.240,0.288,0.753,0.000,—,—,—,—
ef6960fc60ef8c53d29b…,A-CSJ,CSJ,2007,05001-23-31-000-2007-00013-01,Acción de Reparación Directa,Condena,[extraer de PDF],[extraer de PDF],13 de diciembre de 2005,14 de diciembre de 2007,Antioquia,Santa,,HECHOS | CONSIDERACIONES | DECISIÓN,3,11186,0.259,0.302,1.000,0.000,—,—,—,—
eff3d71f3ff9b463c069…,A-CSJ,CSJ,2019,11001-03-15-000-2019-01556-00,TUTELA,,[extraer de PDF],[extraer de PDF],31 de mayo de 2013,23 de agosto de 2013,META,San,,CONSIDERACIONES | DECISIÓN,2,8458,0.211,0.253,0.890,0.051,—,—,—,—
f0123d038827364014b3…,A-CSJ,CSJ,2014,85001-23-33-000-2014-00006-01,Acción de Reparación Directa,,[extraer de PDF],[extraer de PDF],15 de diciembre de 2016,9 de febrero de 2012,Casanare,,,HECHOS | CONSIDERACIONES | DECISIÓN,3,9882,0.200,0.252,0.992,0.036,—,—,—,—
f0633ba434a12203258f…,A-CSJ,CSJ,2014,85001-23-33-000-2014-00006-01,Acción de Reparación Directa,,[extraer de PDF],[extraer de PDF],15 de diciembre de 2016,9 de febrero de 2012,Casanare,,,DECISIÓN,1,891,0.201,0.245,1.000,0.000,—,—,—,—
f0c306d5ea10cfa5b703…,A-CSJ,CSJ,2015,11001-03-15-000-2015-01676-00,Acción de Reparación Directa,,[extraer de PDF],[extraer de PDF],4 de junio de 2015,4 de junio de 2015,ANTIOQUIA,,,CONSIDERACIONES | DECISIÓN,2,8842,0.220,0.266,0.841,0.035,—,—,—,—
f2a29bf8303622c6e9ec…,A-CSJ,CSJ,2017,11001-03-15-000-2017-01509-00,TUTELA,,[extraer de PDF],[extraer de PDF],12 de febrero de 2015,12 de febrero de 2015,Antioquia,Medelln,,HECHOS | CONSIDERACIONES | DECISIÓN,3,16772,0.206,0.253,0.883,0.000,—,—,—,—
f358586d8c5f9b268967…,A-CE,CE,2005,05001-23-31-000-2005-05214-01,Acción de Reparación Directa,Condena,[extraer de PDF],[extraer de PDF],19 de abril de 2004,19 de abril de 2004,Cesar,Granada,,CONSIDERACIONES | DECISIÓN,2,10439,0.189,0.235,0.879,0.180,—,—,—,—
f372f243151777dcb313…,A-CSJ,CSJ,2020,11001-03-15-000-2020-00437-01,TUTELA,Niega,[extraer de PDF],[extraer de PDF],23 de julio de 2019,28 de agosto de 2014,Huila,Planadas,,CONSIDERACIONES | DECISIÓN,2,7806,0.243,0.282,0.717,0.054,—,—,—,—
f42876e4f73eb8326d7f…,A-CSJ,CSJ,2016,[ver metadata_corpus_a.csv],Acción de Reparación Directa,,[extraer de PDF],[extraer de PDF],2016,[extraer de PDF],,,,HECHOS | CONSIDERACIONES | DECISIÓN,3,11074,0.243,0.275,0.811,0.267,—,—,—,—
f49019eb319287990640…,A-CE,CE,2017,11001-03-15-000-2017-01509-00,TUTELA,,[extraer de PDF],[extraer de PDF],12 de febrero de 2015,12 de febrero de 2015,Antioquia,Medelln,,DECISIÓN,1,675,0.223,0.195,1.000,0.000,—,—,—,—
f5201faa976e4819add0…,A-CSJ,CSJ,2014,85001-23-33-000-2014-00006-01,Acción de Reparación Directa,,[extraer de PDF],[extraer de PDF],15 de diciembre de 2016,9 de febrero de 2012,Casanare,,,HECHOS | DECISIÓN,2,1693,0.241,0.271,0.988,0.281,—,—,—,—
f6e0a99e03cb229bb1a0…,A-CSJ,CSJ,2016,[ver metadata_corpus_a.csv],Acción de Reparación Directa,,[extraer de PDF],[extraer de PDF],2016,[extraer de PDF],,,,CONSIDERACIONES | DECISIÓN,2,5904,0.234,0.273,0.662,0.188,—,—,—,—
f7b77f89cfef279defc1…,A-CE,CE,,[ver metadata_corpus_a.csv],Acción de Reparación Directa,,[extraer de PDF],[extraer de PDF],,[extraer de PDF],,,,HECHOS | CONSIDERACIONES | DECISIÓN,3,29346,0.213,0.252,0.783,0.118,—,—,—,—
f7dc0d787ca723bed312…,A-CSJ,CSJ,2013,05001-23-33-000-2013-01022-01,Acción de Reparación Directa,Condena,[extraer de PDF],[extraer de PDF],31 de mayo de 2013,10 de junio de 2011,Antioquia,Bello,,CONSIDERACIONES | DECISIÓN,2,6526,0.234,0.290,0.988,0.000,—,—,—,—
f7e751fcc9a3e341aac7…,A-CSJ,CSJ,2014,85001-23-33-000-2014-00006-01,Acción de Reparación Directa,,[extraer de PDF],[extraer de PDF],15 de diciembre de 2016,9 de febrero de 2012,Casanare,,,CONSIDERACIONES | DECISIÓN,2,9045,0.269,0.297,0.811,0.141,—,—,—,—
f84c83b9bfbca5ee3afd…,A-CSJ,CSJ,2012,05001-23-31-000-2012-00599-02,Acción de Reparación Directa,Accede,[extraer de PDF],[extraer de PDF],16 de octubre de 2007,12 de octubre de 2017,Antioquia,Montebello,,HECHOS | DECISIÓN,2,2490,0.244,0.297,0.933,0.000,—,—,—,—
f85ce1b09789e6d8cb0e…,A-CE,CE,2018,11001-03-15-000-2018-00348-01,TUTELA,Niega,[extraer de PDF],[extraer de PDF],31 de julio de 2012,28 de agosto de 2014,Huila,Pitalito,,HECHOS | CONSIDERACIONES | DECISIÓN,3,15390,0.222,0.280,0.756,0.359,—,—,—,—
f96dd3079cfbb7c6e1ca…,A-CE,CE,,[ver metadata_corpus_a.csv],Acción de Reparación Directa,,[extraer de PDF],[extraer de PDF],,[extraer de PDF],,,,CONSIDERACIONES | HECHOS | DECISIÓN,3,35263,0.187,0.225,1.000,0.210,—,—,—,—
fad480a34ae5af95cef4…,A-CSJ,CSJ,2016,[ver metadata_corpus_a.csv],Acción de Reparación Directa,,[extraer de PDF],[extraer de PDF],2016,[extraer de PDF],,,,HECHOS | CONSIDERACIONES | DECISIÓN,3,8286,0.268,0.306,0.992,0.023,—,—,—,—
faf3250e811c1a9a7587…,A-CSJ,CSJ,2013,05001-23-33-000-2013-01022-01,Acción de Reparación Directa,Condena,[extraer de PDF],[extraer de PDF],31 de mayo de 2013,10 de junio de 2011,Antioquia,Bello,,HECHOS | CONSIDERACIONES | DECISIÓN,3,9349,0.231,0.263,0.883,0.000,—,—,—,—
fb4ca5af739b54a37923…,A-CSJ,CSJ,2020,11001-03-15-000-2020-00437-01,TUTELA,Niega,[extraer de PDF],[extraer de PDF],23 de julio de 2019,28 de agosto de 2014,Huila,Planadas,,CONSIDERACIONES,1,8000,0.256,0.285,1.000,0.143,—,—,—,—
fb85c9c6830d8aab14e9…,A-CSJ,CSJ,2014,85001-23-33-000-2014-00006-01,Acción de Reparación Directa,,[extraer de PDF],[extraer de PDF],15 de diciembre de 2016,9 de febrero de 2012,Casanare,,,HECHOS | DECISIÓN,2,8553,0.217,0.253,0.890,0.260,—,—,—,—
fe5cda1a6584f019c2ad…,A-CSJ,CSJ,2017,11001-03-15-000-2017-01509-00,TUTELA,,[extraer de PDF],[extraer de PDF],12 de febrero de 2015,12 de febrero de 2015,Antioquia,Medelln,,CARGOS | CONSIDERACIONES,2,12575,0.200,0.255,1.000,0.026,—,—,—,—
ffe554eb7e709ce27836…,A-CSJ,CSJ,2016,[ver metadata_corpus_a.csv],Acción de Reparación Directa,,[extraer de PDF],[extraer de PDF],2016,[extraer de PDF],,,,CONSIDERACIONES | DECISIÓN,2,9061,0.217,0.257,0.600,0.000,—,—,—,—
fff19563cffbd29a6ba2…,A-CE,CE,2007,05001-23-31-000-2007-00013-01,Acción de Reparación Directa,Condena,[extraer de PDF],[extraer de PDF],13 de diciembre de 2005,14 de diciembre de 2007,Antioquia,Santa,,DECISIÓN,1,6533,0.196,0.247,0.500,0.134,—,—,—,—
134ed38c3158c8c3fb0c…,B-JEP,JEP-SRVR,2023,[ver metadata_corpus_b.csv],Resolución JEP,Reconocimiento responsabilidad,[extraer de PDF],SRVR — Sala de Reconocimiento de Verdad,30 de agosto de 2023,2002–2008 (Caso 03),Antioquia,,,CONSIDERACIONES | RESUELVE,2,27766,0.175,0.221,0.703,0.025,—,—,—,—
5dacfe26a9a4fa570eef…,B-JEP,JEP-SRVR,2022,[ver metadata_corpus_b.csv],auto de determinación,Reconocimiento responsabilidad,[extraer de PDF],SRVR — Sala de Reconocimiento de Verdad,14 de julio de 2022,2002–2008 (Caso 03),Boyacá,,,HECHOS_Y_CONDUCTAS | CONSIDERACIONES | RECONOCIMIENTO | RESUELVE,4,40963,0.179,0.224,0.987,0.244,—,—,—,—
6c00908400fcc09ffd48…,B-JEP,JEP-SRVR,2021,[ver metadata_corpus_b.csv],"Auto de 
determinación",Reconocimiento responsabilidad,[extraer de PDF],SRVR — Sala de Reconocimiento de Verdad,9 de diciembre de 2021,2002–2008 (Caso 03),Catatumbo,,,CONSIDERACIONES | RESUELVE,2,10004,0.196,0.232,1.000,0.399,—,—,—,—
7d16bf05fa6b5ef7db16…,B-JEP,JEP-SRVR,2018,04,"Resolución de 
Conclusiones",Reconocimiento responsabilidad,[extraer de PDF],SRVR — Sala de Reconocimiento de Verdad,17 de julio de 2018,2002–2008 (Caso 03),Antioquia,Dabeiba,,RESUELVE,1,1895,0.193,0.248,0.975,0.143,—,—,—,—
810ea24daa85374e8a28…,B-JEP,JEP-SRVR,2023,[ver metadata_corpus_b.csv],Resolución JEP,Reconocimiento responsabilidad,[extraer de PDF],SRVR — Sala de Reconocimiento de Verdad,30 de agosto de 2023,2002–2008 (Caso 03),Antioquia,,,HECHOS_Y_CONDUCTAS | CONSIDERACIONES,2,8761,0.163,0.215,0.779,0.000,—,—,—,—
87a5f30a82d351797c94…,B-JEP,JEP-SRVR,2023,[ver metadata_corpus_b.csv],Resolución JEP,Reconocimiento responsabilidad,[extraer de PDF],SRVR — Sala de Reconocimiento de Verdad,30 de agosto de 2023,2002–2008 (Caso 03),Antioquia,,,CONSIDERACIONES | PATRONES_MACROCRIMINALES | RESUELVE,3,56000,0.211,0.275,0.653,0.007,—,—,—,—
c61b39eef647cdcf5efa…,B-JEP,JEP-SRVR,2022,[ver metadata_corpus_b.csv],auto de determinación,Reconocimiento responsabilidad,[extraer de PDF],SRVR — Sala de Reconocimiento de Verdad,14 de julio de 2022,2002–2008 (Caso 03),Boyacá,,,CONSIDERACIONES | RESUELVE,2,16000,0.198,0.253,1.000,0.000,—,—,—,—
d6d0725659a6d3cbf6b1…,B-JEP,JEP-SRVR,2021,[ver metadata_corpus_b.csv],"Auto de 
determinación",Reconocimiento responsabilidad,[extraer de PDF],SRVR — Sala de Reconocimiento de Verdad,9 de diciembre de 2021,2002–2008 (Caso 03),Catatumbo,,,CONSIDERACIONES | RESUELVE,2,9224,0.203,0.260,1.000,0.065,—,—,—,—
e296480baeeb6127374c…,B-JEP,JEP-SRVR,2022,[ver metadata_corpus_b.csv],auto de determinación,Reconocimiento responsabilidad,[extraer de PDF],SRVR — Sala de Reconocimiento de Verdad,14 de julio de 2022,2002–2008 (Caso 03),Boyacá,,,CONSIDERACIONES | RECONOCIMIENTO | RESUELVE,3,175898,0.192,0.227,0.981,0.198,—,—,—,—
casanare_torres,C-JEP,Casanare,2020,—,Audiencia reconocimiento JEP,Reconocimiento responsabilidad,Magistrada Catalina Díaz (relatora),SRVR,6 feb 2020,2001–2007,Casanare,Bogotá D.C. (sede audiencia),Batallón 16,TESTIMONIO_COMPARECIENTE | TESTIMONIO_VICTIMA,2,248000,0.193,0.264,,,Gral. Henry Torres Escalante,General,0.190,86%
catatumbo,C-JEP,Catatumbo,2022,—,Audiencia reconocimiento JEP (primera),Reconocimiento responsabilidad,Magistrada Catalina Díaz,SRVR,26-27 abr 2022,2002–2006,Norte de Santander,Cúcuta,Batallón Contraguerrilla 46,TESTIMONIO_COMPARECIENTE | TESTIMONIO_VICTIMA,2,115000,0.207,0.271,,,Cap. Juan Carlos Chaparro Chaparro,Capitán/Mayor,0.272,55%
dabeiba,C-JEP,Dabeiba,2023,—,Audiencia reconocimiento JEP,Reconocimiento responsabilidad,—,SRVR,2023,2003–2007,Antioquia,Dabeiba,Batallón de Infantería 62,TESTIMONIO_COMPARECIENTE | TESTIMONIO_VICTIMA,2,287000,0.189,0.262,,,Oficial (coronel/teniente coronel) — SPEAKER_01,Oficial,0.353,40%
huila,C-JEP,Huila,2022,—,Audiencia reconocimiento JEP,Reconocimiento responsabilidad,—,SRVR,2022,2003–2008,Huila,Neiva,Batallón Magdalena,TESTIMONIO_COMPARECIENTE | TESTIMONIO_VICTIMA,2,267000,0.186,0.263,,,Luis Carlos Ollo La Tapia + otros (SP06+07+08),Soldado/Suboficial,0.299,93%
costa_caribe,C-JEP,Costa Caribe,2022,—,Audiencia reconocimiento JEP,Reconocimiento responsabilidad,—,SRVR,18-19 jul 2022,2002–2005,Cesar / La Guajira,Valledupar,Batallón La Popa,TESTIMONIO_COMPARECIENTE | TESTIMONIO_VICTIMA,2,255000,0.189,0.259,,,12 comparecientes Batallón La Popa,Varios,N/D — video DRM,N/D
