archivo,radicado,n_expediente,year_radicado,tipo_accion,decision,magistrado_ponente,fecha_1,fecha_2,municipio_hechos,departamento_hechos,batallon_mencionado,n_chars
05001-23-24-000-1994-02278-01(20706)_1.txt,05001-23-24-000-1994-02278-01,20706,1994,,,,15 de diciembre de 2000,4 de diciembre de 2002,,,,64666
05001-23-25-000-1993-00383-01(14354).txt,05001-23-25-000-1993-00383-01,14354,1993,,Accede,,17 de julio de 1992,17 de julio de 1992,Angostura,Antioquia,,59685
05001-23-25-000-1995-00459-01(20099).txt,05001-23-25-000-1995-00459-01,20099,1995,,Condena,,1 de noviembre de 2000,30 de marzo de 1995,Barbosa,Antioquia,,35590
05001-23-25-000-1995-01407-01(21806)_1 (1).txt,05001-23-25-000-1995-01407-01,21806,1995,"ACCION

DE REPARACION DIRECTA",,,8 de febrero de 2012,29 de noviembre de 1994,Urrao,Antioquia,,218959
05001-23-25-000-1995-01407-01(21806)_1.txt,05001-23-25-000-1995-01407-01,21806,1995,"ACCION

DE REPARACION DIRECTA",,,8 de febrero de 2012,29 de noviembre de 1994,Urrao,Antioquia,,218959
05001-23-26-000-1995-01882-01(18475).txt,05001-23-26-000-1995-01882-01,18475,1995,,,,9 de diciembre de 2004,17 de febrero de 2000,Chigorod,Antioquia,,41595
05001-23-27-000-1996-00500-01(20162).txt,05001-23-27-000-1996-00500-01,20162,1996,,Niega,,16 de noviembre de 2000,27 de marzo de 1996,Turbo,Antioquia,,32862
05001-23-31-000-1996-00866-01(18366).txt,05001-23-31-000-1996-00866-01,18366,1996,,,,14 de mayo de 2009,23 de mayo de 1994,Caucasia,Antioquia,,22847
05001-23-31-000-2000-03380-01(26669).txt,05001-23-31-000-2000-03380-01,26669,2000,ACCION DE REPARACION DIRECTA,,,11 de septiembre de 2013,22 de noviembre de 2012,,Antioquia,,89840
05001-23-31-000-2004-01289-01(40256)_1.txt,05001-23-31-000-2004-01289-01,40256,2004,,,,9 de marzo de 2002,,San,Antioquia,,206669
05001-23-31-000-2005-05214-01(39425) (1).txt,05001-23-31-000-2005-05214-01,39425,2005,,,,19 de abril de 2004,19 de abril de 2004,Granada,,,77594
05001-23-31-000-2005-05214-01(39425) (2).txt,05001-23-31-000-2005-05214-01,39425,2005,,,,19 de abril de 2004,19 de abril de 2004,Granada,,,77594
05001-23-31-000-2005-05214-01(39425).txt,05001-23-31-000-2005-05214-01,39425,2005,,,,19 de abril de 2004,19 de abril de 2004,Granada,,,77594
05001-23-31-000-2006-00039-01(38757).txt,05001-23-31-000-2006-00039-01,38757,2006,,,Magistrado,8 de julio de 2009,23 de agosto de 2010,,,,72586
05001-23-31-000-2006-00534-01(43422).txt,05001-23-31-000-2006-00534-01,43422,2006,,Condena,,6 de noviembre de 2003,7 de noviembre de 2005,Caicedo,Antioquia,,100604
05001-23-31-000-2006-00537-01(42693).txt,05001-23-31-000-2006-00537-01,42693,2006,,Condena,,6 de noviembre de 2003,7 de noviembre de 2005,Caicedo,Antioquia,,106820
05001-23-31-000-2006-03257-01 (52413).txt,05001-23-31-000-2006-03257-01,52413,2006,,,,30 de agosto de 1984,17 de marzo de 1995,,,,92705
05001-23-31-000-2006-03391-01(48123) (1).txt,05001-23-31-000-2006-03391-01,48123,2006,,,,11 de mayo de 2017,,Argelia,Antioquia,,87426
05001-23-31-000-2006-03391-01(48123).txt,05001-23-31-000-2006-03391-01,48123,2006,,,,11 de mayo de 2017,,Argelia,Antioquia,,87426
05001-23-31-000-2006-03424-01(47924)_1 (1).txt,05001-23-31-000-2006-03424-01,47924,2006,ACCION DE REPARACION DIRECTA,Condena,,10 de agosto de 2012,21 de septiembre de 2006,,Antioquia,,131025
05001-23-31-000-2006-03424-01(47924)_1.txt,05001-23-31-000-2006-03424-01,47924,2006,ACCION DE REPARACION DIRECTA,Condena,,10 de agosto de 2012,21 de septiembre de 2006,,Antioquia,,131025
05001-23-31-000-2006-03647-01(50941)_1.txt,05001-23-31-000-2006-03647-01,50941,2006,"ACCIÓN DE

REPARACIÓN DIRECTA",Condena,,20 de noviembre de 2013,31 de octubre de 2006,,Antioquia,,153042
05001-23-31-000-2006-03647-01(50941)A_1.txt,05001-23-31-000-2006-03647-01,50941,2006,,,,23 de marzo de 2017,23 de marzo de 2017,,Antioquia,,18839
05001-23-31-000-2006-03648-01(48202)A_1.txt,05001-23-31-000-2006-03648-01,48202,2006,"ACCIÓN DE

REPARACIÓN DIRECTA",,,28 de agosto de 2014,3 de mayo de 2018,San,,,236326
05001-23-31-000-2007-00013-01(47555).txt,05001-23-31-000-2007-00013-01,47555,2007,,,,13 de diciembre de 2005,14 de diciembre de 2007,Santa,Antioquia,,49990
05001-23-31-000-2007-00371-01(44887)A_1.txt,05001-23-31-000-2007-00371-01,44887,2007,"ACCIÓN DE

REPARACIÓN DIRECTA",Condena,,24 de abril de 2012,20 de febrero de 2007,,Antioquia,,117889
05001-23-31-000-2008-00054-01(47892)_1.txt,05001-23-31-000-2008-00054-01,47892,2008,"ACCIÓN

DE REPARACIÓN DIRECTA",Condena,,28 de diciembre de 2005,19 de diciembre de 2007,,Antioquia,,70981
05001-23-31-000-2008-00677-01(58780).txt,05001-23-31-000-2008-00677-01,58780,2008,,,,28 de noviembre de 2013,7 de marzo de 2006,Apartad,,,94428
05001-23-31-000-2009-00233-01(51623)_1 (1).txt,05001-23-31-000-2009-00233-01,51623,2009,"ACCIÓN

DE REPARACIÓN DIRECTA",,,,,Soacha,Antioquia,de,100734
05001-23-31-000-2009-00233-01(51623)_1.txt,05001-23-31-000-2009-00233-01,51623,2009,"ACCIÓN

DE REPARACIÓN DIRECTA",,,,,Soacha,Antioquia,de,100734
05001-23-31-000-2009-00344-01(56451) (1).txt,05001-23-31-000-2009-00344-01,56451,2009,,,,28 de agosto de 2014,20 de febrero de 2015,,Antioquia,,122953
05001-23-31-000-2009-00344-01(56451).txt,05001-23-31-000-2009-00344-01,56451,2009,,,,28 de agosto de 2014,20 de febrero de 2015,,Antioquia,,122953
05001-23-31-000-2009-01025-01(49688).txt,05001-23-31-000-2009-01025-01,49688,2009,,Accede,,8 de diciembre de 2007,28 de agosto de 2014,,Antioquia,,186677
05001-23-31-000-2009-01560-01(53971)A.txt,05001-23-31-000-2009-01560-01,53971,2009,,,no comparte este criterio jurisprudencial,17 de junio de 1993,8 de marzo de 2007,,,,28268
05001-23-31-000-2011-00092-01(52979).txt,05001-23-31-000-2011-00092-01,52979,2011,,Accede,,29 de enero de 2020,6 de diciembre de 2006,Santaf,Antioquia,,145130
05001-23-31-000-2011-00252-01(56447) (1).txt,05001-23-31-000-2011-00252-01,56447,2011,,condena,,26 de enero de 2017,2 de agosto de 2007,Segovia,Antioquia,,96424
05001-23-31-000-2011-00252-01(56447).txt,05001-23-31-000-2011-00252-01,56447,2011,,condena,,26 de enero de 2017,2 de agosto de 2007,Segovia,Antioquia,,96424
05001-23-31-000-2011-00253-01(53030) (1).txt,05001-23-31-000-2011-00253-01,53030,2011,,Accede,,1 de abril de 2010,2 de abril de 2012,,,,239426
05001-23-31-000-2011-00253-01(53030).txt,05001-23-31-000-2011-00253-01,53030,2011,,Accede,,1 de abril de 2010,2 de abril de 2012,,,,239426
05001-23-31-000-2012-00599-02(62186) .txt,05001-23-31-000-2012-00599-02,62186,2012,,,,16 de octubre de 2007,12 de octubre de 2017,,,,81531
05001-23-33-000-2012-00114-01(50586) (1).txt,05001-23-33-000-2012-00114-01,50586,2012,,Accede,,21 de noviembre de 2013,24 de enero de 2000,Montebello,Antioquia,,40406
05001-23-33-000-2012-00114-01(50586).txt,05001-23-33-000-2012-00114-01,50586,2012,,Accede,,21 de noviembre de 2013,24 de enero de 2000,Montebello,Antioquia,,40406
05001-23-33-000-2012-00616-01(52021)_1.txt,05001-23-33-000-2012-00616-01,52021,2012,,,,,,,,,79949
05001-23-33-000-2013-01022-01 (54763) (1).txt,05001-23-33-000-2013-01022-01,54763,2013,,,,31 de mayo de 2013,10 de junio de 2011,Bello,Antioquia,,22086
05001-23-33-000-2013-01022-01 (54763).txt,05001-23-33-000-2013-01022-01,54763,2013,,,,31 de mayo de 2013,10 de junio de 2011,Bello,Antioquia,,22086
08001-23-31-000-2009-00655-01(55135).txt,08001-23-31-000-2009-00655-01,55135,2009,,Niega,,6 de diciembre de 2006,24 de octubre de 2014,,,,53838
11001-03-15-000-2015-01676-00(AC) (1).txt,11001-03-15-000-2015-01676-00,1,2015,,,,4 de junio de 2015,4 de junio de 2015,,ANTIOQUIA,,79560
11001-03-15-000-2015-01676-00(AC).txt,11001-03-15-000-2015-01676-00,,2015,,,,4 de junio de 2015,4 de junio de 2015,,ANTIOQUIA,,79560
11001-03-15-000-2017-01509-00(AC) (1).txt,11001-03-15-000-2017-01509-00,1,2017,TUTELA,,,12 de febrero de 2015,12 de febrero de 2015,Medelln,Antioquia,,67753
11001-03-15-000-2017-01509-00(AC).txt,11001-03-15-000-2017-01509-00,,2017,TUTELA,,,12 de febrero de 2015,12 de febrero de 2015,Medelln,Antioquia,,67753
11001-03-15-000-2018-00348-01(AC).txt,11001-03-15-000-2018-00348-01,,2018,TUTELA,,,31 de julio de 2012,28 de agosto de 2014,Pitalito,Huila,,27482
11001-03-15-000-2018-01277-00(AC).txt,11001-03-15-000-2018-01277-00,,2018,TUTELA,,,23 de febrero de 2018,23 de febrero de 2018,,Tolima,,64424
11001-03-15-000-2018-04466-00(AC).txt,11001-03-15-000-2018-04466-00,,2018,TUTELA,Niega,,10 de mayo de 2018,3 de abril de 2013,Puerto,CAUCA,,48510
11001-03-15-000-2019-01556-00(AC) (1).txt,11001-03-15-000-2019-01556-00,1,2019,TUTELA,,,31 de mayo de 2013,23 de agosto de 2013,,META,,52995
11001-03-15-000-2019-01556-00(AC).txt,11001-03-15-000-2019-01556-00,,2019,TUTELA,,,31 de mayo de 2013,23 de agosto de 2013,,META,,52995
11001-03-15-000-2019-02902-01(AC).txt,11001-03-15-000-2019-02902-01,,2019,TUTELA,,,29 de noviembre de 2018,18 de junio de 2009,,Cesar,,103839
11001-03-15-000-2019-03293-00(AC).txt,11001-03-15-000-2019-03293-00,,2019,TUTELA,,,13 de noviembre de 2013,28 de agosto de 2014,San,,,40505
11001-03-15-000-2020-00437-01(AC).txt,11001-03-15-000-2020-00437-01,,2020,TUTELA,Niega,,23 de julio de 2019,28 de agosto de 2014,Planadas,Huila,,23626
11001-03-15-000-2021-02797-00(AC) (1).txt,11001-03-15-000-2021-02797-00,1,2021,TUTELA,,,4 de junio de 2010,8 de noviembre de 2017,,Huila,,129337
11001-03-15-000-2021-02797-00(AC).txt,11001-03-15-000-2021-02797-00,,2021,TUTELA,,,4 de junio de 2010,8 de noviembre de 2017,,Huila,,129337
11001-03-26-000-1999-00053-01(16875).txt,11001-03-26-000-1999-00053-01,16875,1999,,Accede,,28 de septiembre de 1996,30 de septiembre de 1996,,,,71713
13001-23-31-000-2006-00753-01(43770) (1).txt,13001-23-31-000-2006-00753-01,43770,2006,,,,,,Tiquisio,,,195087
13001-23-31-000-2006-00753-01(43770).txt,13001-23-31-000-2006-00753-01,43770,2006,,,,,,Tiquisio,,,195087
15001-23-31-000-1995-05276-01(19886) (1).txt,15001-23-31-000-1995-05276-01,19886,1995,,,,13 de agosto de 2008,10 de febrero de 2011,Pauna,,,126588
15001-23-31-000-1995-05276-01(19886).txt,15001-23-31-000-1995-05276-01,19886,1995,,,,13 de agosto de 2008,10 de febrero de 2011,Pauna,,,126588
15001-23-31-000-2006-02844-01(46134) (1).txt,15001-23-31-000-2006-02844-01,46134,2006,,Condena,,24 de octubre de 2004,24 de octubre de 2004,Pajarito,Casanare,,95285
15001-23-31-000-2006-02844-01(46134).txt,15001-23-31-000-2006-02844-01,46134,2006,,Condena,,24 de octubre de 2004,24 de octubre de 2004,Pajarito,Casanare,,95285
17001-23-31-000-1995-08018-01(20194).txt,17001-23-31-000-1995-08018-01,20194,1995,,Accede,,15 de julio de 1994,13 de octubre de 2000,Neira,Caldas,,17514
17001-23-31-000-1997-07061-01(20156).txt,17001-23-31-000-1997-07061-01,20156,1997,,Niega,,13 de diciembre de 1995,13 de diciembre de 1995,Anserma,Antioquia,,27595
17001-23-31-000-2009-00212-01(52892)_1 (1).txt,17001-23-31-000-2009-00212-01,52892,2009,"ACCION

DE REPARACION DIRECTA",Condena,,18 de agosto de 2007,18 de agosto de 2007,Chinchiná,Caldas,de,383405
17001-23-31-000-2009-00212-01(52892)_1.txt,17001-23-31-000-2009-00212-01,52892,2009,"ACCION

DE REPARACION DIRECTA",Condena,,18 de agosto de 2007,18 de agosto de 2007,Chinchiná,Caldas,de,383405
17001-23-31-000-2009-00310-01 (47860).txt,17001-23-31-000-2009-00310-01,47860,2009,,Condena,,26 de agosto de 2007,27 de agosto de 2007,,Antioquia,,70153
18001-23-31-000-2005-00142-01(50843).txt,18001-23-31-000-2005-00142-01,50843,2005,,Condena,,16 de noviembre de 2004,16 de noviembre de 2004,La,Cesar,,168634
18001-23-31-000-2005-00364-01(46688)B.txt,18001-23-31-000-2005-00364-01,46688,2005,,,,5 de agosto de 2004,5 de agosto de 2004,Montaita,,,113241
18001-23-31-000-2006-00058-01(48216).txt,18001-23-31-000-2006-00058-01,48216,2006,ACCION DE REPARACION DIRECTA,Condena,,23 de enero de 2004,24 de enero de 2006,,,,85469
19001-23-31-000-1994-07001-01(12936).txt,19001-23-31-000-1994-07001-01,12936,1994,,,,26 de agosto de 1999,,,,,80805
19001-23-31-000-1999-00217-01(24984) (1).txt,19001-23-31-000-1999-00217-01,24984,1999,,,,28 de noviembre de 2002,11 de febrero de 2009,,Cauca,,98061
19001-23-31-000-1999-00217-01(24984).txt,19001-23-31-000-1999-00217-01,24984,1999,,,,28 de noviembre de 2002,11 de febrero de 2009,,Cauca,,98061
19001-23-31-000-2008-00432-01(45799)_1.txt,19001-23-31-000-2008-00432-01,45799,2008,"ACCION

DE REPARACION DIRECTA",Condena,,8 de marzo de 2007,18 de diciembre de 2008,,Cauca,Contraguerrillas,109943
20001-23-31-000-1999-00274-01(21377) (1).txt,20001-23-31-000-1999-00274-01,21377,1999,,,,28 de agosto de 1997,8 de julio de 2009,Curuman,Cesar,,153299
20001-23-31-000-1999-00274-01(21377).txt,20001-23-31-000-1999-00274-01,21377,1999,,,,28 de agosto de 1997,8 de julio de 2009,Curuman,Cesar,,153299
20001-23-31-000-1999-00655-01(21380) (1).txt,20001-23-31-000-1999-00655-01,21380,1999,,,,21 de febrero de 2002,25 de enero de 2001,Curuman,Cesar,,92884
20001-23-31-000-1999-00655-01(21380).txt,20001-23-31-000-1999-00655-01,21380,1999,,,,21 de febrero de 2002,25 de enero de 2001,Curuman,Cesar,,92884
20001-23-31-000-2003-01951-01(35752) (1).txt,20001-23-31-000-2003-01951-01,35752,2003,ACCION DE REPARACION DIRECTA,,,1 de febrero de 2003,1 de febrero de 2003,La,Cesar,,85048
20001-23-31-000-2003-01951-01(35752).txt,20001-23-31-000-2003-01951-01,35752,2003,ACCION DE REPARACION DIRECTA,,,1 de febrero de 2003,1 de febrero de 2003,La,Cesar,,85048
20001-23-31-000-2008-00295-01(41009).txt,20001-23-31-000-2008-00295-01,41009,2008,,,,,,,Cesar,,227500
20001-23-31-000-2009-00307-01(44065)A_1.txt,20001-23-31-000-2009-00307-01,44065,2009,"ACCIÓN

DE REPARACIÓN DIRECTA",Condena,,16 de mayo de 2007,28 de agosto de 2014,González,Cesar,,190958
23001-23-31-000-2009-00262-01(49878).txt,23001-23-31-000-2009-00262-01,49878,2009,,,,7 de septiembre de 2007,21 de mayo de 2009,Crdobas,,,148833
25000-23-15-000-2004-01196-01(34749)_1.txt,25000-23-15-000-2004-01196-01,34749,2004,"ACCION

DE REPARACION DIRECTA",,,2 de noviembre de 2003,2 de noviembre de 2003,,,,104498
25000-23-26-000-1995-00934-01(18230).txt,25000-23-26-000-1995-00934-01,18230,1995,,Condena,,12 de mayo de 1993,6 de septiembre de 2001,,Cundinamarca,,119591
25000-23-26-000-1996-02714-01(19040).txt,25000-23-26-000-1996-02714-01,19040,1996,,,,10 de febrero de 2000,,,,,67152
25000-23-26-000-2001-00297-01(24325)_1 (1).txt,25000-23-26-000-2001-00297-01,24325,2001,ACCION DE REPARACION DIRECTA,,,8 de agosto de 2003,13 de julio de 1993,,,,112414
25000-23-26-000-2001-00297-01(24325)_1 (2).txt,25000-23-26-000-2001-00297-01,24325,2001,ACCION DE REPARACION DIRECTA,,,8 de agosto de 2003,13 de julio de 1993,,,,112414
25000-23-26-000-2001-00297-01(24325)_1.txt,25000-23-26-000-2001-00297-01,24325,2001,ACCION DE REPARACION DIRECTA,,,8 de agosto de 2003,13 de julio de 1993,,,,112414
25000-23-26-000-2009-00830-01(43159) (1).txt,25000-23-26-000-2009-00830-01,43159,2009,,,,3 de noviembre de 2003,12 de diciembre de 2005,,Cundinamarca,,59047
25000-23-26-000-2009-00830-01(43159).txt,25000-23-26-000-2009-00830-01,43159,2009,,,,3 de noviembre de 2003,12 de diciembre de 2005,,Cundinamarca,,59047
25000-23-26-000-2009-00955-01(49591)_3 (1).txt,25000-23-26-000-2009-00955-01,49591,2009,,Condena,,30 de agosto de 2006,24 de diciembre de 2007,Silvania,Cundinamarca,,44758
25000-23-26-000-2009-00955-01(49591)_3.txt,25000-23-26-000-2009-00955-01,49591,2009,,Condena,,30 de agosto de 2006,24 de diciembre de 2007,Silvania,Cundinamarca,,44758
25000-23-26-000-2012-00419-01(54720)_2.txt,25000-23-26-000-2012-00419-01,54720,2012,,Accede,,5 de abril de 1991,15 de septiembre de 1995,Turmequé,Boyacá,,89830
25682(21-10-09).txt,25682,,,,,,22 de enero de 2001,12 de abril de 2002,Fortul,Arauca,,79588
35212(13-11-13).txt,35212,,,,,,4 de octubre de 2005,18 de octubre de 2005,Argelia,Antioquia,,55265
36460(28-08-13).txt,36460,,,,,,28 de marzo de 2005,8 de septiembre de 2009,Bello,,,27661
38538(23-05-12).txt,38538,,,,,,14 de octubre de 2010,22 de noviembre de 2006,Villagarzn,,,37314
39280(11-12-13).txt,39280,,,,,,19 de febrero de 2007,21 de diciembre de 2009,,Casanare,,18759
41001-23-31-000-1993-07386-00(28075)_1 (1).txt,41001-23-31-000-1993-07386-00,28075,1993,,,,20 de mayo de 2005,13 de mayo de 2009,San,Huila,,163895
41001-23-31-000-1993-07386-00(28075)_1.txt,41001-23-31-000-1993-07386-00,28075,1993,,,,20 de mayo de 2005,13 de mayo de 2009,San,Huila,,163895
41001-23-31-000-1994-07654-01(20601)_1 (1).txt,41001-23-31-000-1994-07654-01,20601,1994,,,,17 de noviembre de 2000,14 de octubre de 1997,,Huila,,324673
41001-23-31-000-1994-07654-01(20601)_1.txt,41001-23-31-000-1994-07654-01,20601,1994,,,,17 de noviembre de 2000,14 de octubre de 1997,,Huila,,324673
41317(11-12-13)EDITADA.txt,41317,,,,,,16 de enero de 2012,2 de octubre de 2012,,,,23598
42011(09-10-13).txt,42011,,,,,,22 de agosto de 2007,19 de octubre de 2003,,Meta,,34804
42770(11-12-13).txt,42770,,,,,,15 de julio de 2009,15 de agosto de 2012,Remedios,Antioquia,,18633
44001-23-31-000-2010-00238-01(53833).txt,44001-23-31-000-2010-00238-01,53833,2010,,,,7 de septiembre de 2015,6 de julio de 2016,,,,95004
44001-23-31-000-2011-00080-01(55287).txt,44001-23-31-000-2011-00080-01,55287,2011,,,Ramiro Pazos Guerrero,23 de junio de 2009,14 de marzo de 2011,,,,124101
47001-23-31-000-2009-00024-01(51596)_1 (1).txt,47001-23-31-000-2009-00024-01,51596,2009,"ACCIÓN

DE REPARACIÓN DIRECTA",,,16 de Agosto de 2006,,,Huila,,137732
47001-23-31-000-2009-00024-01(51596)_1.txt,47001-23-31-000-2009-00024-01,51596,2009,"ACCIÓN

DE REPARACIÓN DIRECTA",,,16 de Agosto de 2006,,,Huila,,137732
50001-23-31-000-1997-05523-01(24724)_1.txt,50001-23-31-000-1997-05523-01,24724,1997,,,,4 de febrero de 2003,30 de julio de 1994,Mesetas,Meta,,175825
52001-23-31-000-1998-00156-01(23810)_2.txt,52001-23-31-000-1998-00156-01,23810,1998,"ACCION DE REPARACION

DIRECTA",,,19 de julio de 2002,25 de noviembre de 1997,la,Nariño,Contraguerrillas,110534
52001-23-31-000-2006-01708-01(42798)_1.txt,52001-23-31-000-2006-01708-01,42798,2006,"ACCIÓN DE

REPARACIÓN DIRECTA",,,13 de enero de 2005,11 de septiembre de 2013,,,No,103648
52001-23-31-000-2009-00223-01(46543).txt,52001-23-31-000-2009-00223-01,46543,2009,,,,28 de agosto de 2013,2 de mayo de 2007,,,,72401
54001-23-31-000-1995-08777-01(16337) (1).txt,54001-23-31-000-1995-08777-01,16337,1995,,,,12 de agosto de 1949,12 de Agosto de 1949,,,,109009
54001-23-31-000-1995-08777-01(16337).txt,54001-23-31-000-1995-08777-01,16337,1995,,,,12 de agosto de 1949,12 de Agosto de 1949,,,,109009
54001-23-31-000-1995-09280-01(30860)_1.txt,54001-23-31-000-1995-09280-01,30860,1995,"ACCION DE REPARACION

DIRECTA",,,21 de noviembre de 1993,30 de noviembre de 2004,,Norte de Santander,,206770
54001-23-31-000-2009-00167-01(53378)_2.txt,54001-23-31-000-2009-00167-01,53378,2009,"ACCIÓN

DE REPARACIÓN DIRECTA",Condena,,17 de marzo de 2004,17 de marzo de 2007,Ábrego,"Norte

de Santander",,208584
54001-23-31-000-2010-00224-01(57519)_1.txt,54001-23-31-000-2010-00224-01,57519,2010,,,Jos Fernando Reyes Cuartas,,,,,,144404
54001-23-31-000-2010-00264-01(57210).txt,54001-23-31-000-2010-00264-01,57210,2010,,,,,,,,,91049
54001-23-31-000-2010-00353-01(40474).txt,54001-23-31-000-2010-00353-01,40474,2010,,Revoca,,01 de junio de 2010,27 de diciembre de 2007,Teorama,VALLE,,11971
54001-23-31-000-2010-00370-01(53704)_3.txt,54001-23-31-000-2010-00370-01,53704,2010,"ACCIÓN
DE REPARACION DIRECTA",Niega,,22 de agosto de 2014,9 de junio de 2017,El,Norte de Santander,de,347882
54001-23-31-000-2010-00370-01(53704)A_1 (1).txt,54001-23-31-000-2010-00370-01,53704,2010,"ACCIÓN DE

REPARACIÓN DIRECTA",Condena,,12 de agosto de 1949,8 de noviembre de 1961,San,Norte de Santander,Contraguerrilla,618665
54001-23-31-000-2010-00370-01(53704)A_1.txt,54001-23-31-000-2010-00370-01,53704,2010,"ACCIÓN DE

REPARACIÓN DIRECTA",Condena,,12 de agosto de 1949,8 de noviembre de 1961,San,Norte de Santander,Contraguerrilla,618665
55000.txt,55000,,,,,,,,,,,0
55500.txt,55500,,,,,,4 de marzo de 2009,3 de agosto de 2005,,Antioquia,,3467
63001-23-31-000-1998-01000-01(18751).txt,63001-23-31-000-1998-01000-01,18751,1998,,Condena,,20 de junio de 1997,19 de junio de 1997,Gnova,,,300586
63001-23-31-000-2008-00097-01(41511) (1).txt,63001-23-31-000-2008-00097-01,41511,2008,,,,31 de marzo de 2009,14 de febrero de 2001,Soacha,,,91017
63001-23-31-000-2008-00097-01(41511) (2).txt,63001-23-31-000-2008-00097-01,41511,2008,,,,31 de marzo de 2009,14 de febrero de 2001,Soacha,,,91017
63001-23-31-000-2008-00097-01(41511).txt,63001-23-31-000-2008-00097-01,41511,2008,,,,31 de marzo de 2009,14 de febrero de 2001,Soacha,,,91017
63001-23-31-000-2008-00097-01(41511)B.txt,63001-23-31-000-2008-00097-01,41511,2008,,condena,,17 de febrero de 2011,22 de junio de 2017,,,,11745
63001-23-31-000-2008-00098-01(44435)_1.txt,63001-23-31-000-2008-00098-01,44435,2008,"ACCIÓN

DE REPARACIÓN DIRECTA",Condena,,1 de octubre de 2007,23 de septiembre de 2009,Calarcá,Quindío,,161758
66001-23-31-000-1996-03549-01(14672) (1).txt,66001-23-31-000-1996-03549-01,14672,1996,,,,12 de diciembre de 1997,30 de enero de 1997,Dosquebradas,Risaralda,,47171
66001-23-31-000-1996-03549-01(14672).txt,66001-23-31-000-1996-03549-01,14672,1996,,,,12 de diciembre de 1997,30 de enero de 1997,Dosquebradas,Risaralda,,47171
66001-23-31-000-2007-00147-01(18170).txt,66001-23-31-000-2007-00147-01,18170,2007,,,,3 de abril de 2003,20 de febrero de 2004,,Risaralda,,69808
66001-23-31-000-2011-00138-01(41706) (1).txt,66001-23-31-000-2011-00138-01,41706,2011,ACCION DE REPARACION DIRECTA,,,10 de diciembre de 2009,9 de julio de 2007,,Risaralda,,83990
66001-23-31-000-2011-00138-01(41706).txt,66001-23-31-000-2011-00138-01,41706,2011,ACCION DE REPARACION DIRECTA,,,10 de diciembre de 2009,9 de julio de 2007,,Risaralda,,83990
68001-23-31-000-2008-00171-01(50622).txt,68001-23-31-000-2008-00171-01,50622,2008,,,,6 de abril de 2018,28 de agosto de 2014,,Santander,,64003
68001-23-31-000-2010-00758-01(53989) (1).txt,68001-23-31-000-2010-00758-01,53989,2010,,,,8 de agosto de 2008,28 de agosto de 2014,Onzaga,Santander,,170796
68001-23-31-000-2010-00758-01(53989).txt,68001-23-31-000-2010-00758-01,53989,2010,,,,8 de agosto de 2008,28 de agosto de 2014,Onzaga,Santander,,170796
73001-23-31-000-2008-00443-01(44030)_1 (1).txt,73001-23-31-000-2008-00443-01,44030,2008,"ACCIÓN

DE
REPARACIÓN DIRECTA",,,31 de marzo de 2009,12 de septiembre de 2005,,,,88268
73001-23-31-000-2008-00443-01(44030)_1.txt,73001-23-31-000-2008-00443-01,44030,2008,"ACCIÓN

DE
REPARACIÓN DIRECTA",,,31 de marzo de 2009,12 de septiembre de 2005,,,,88268
73001-23-31-000-2008-00561-01(38058)_1.txt,73001-23-31-000-2008-00561-01,38058,2008,"ACCIÓN

DE REPARACIÓN DIRECTA",Condena,,28 de febrero de 2008,,Ibagué,Bolívar,de,605020
76001-23-25-000-1996-02231-01(19355).txt,76001-23-25-000-1996-02231-01,19355,1996,,,,5 de junio de 2008,20 de febrero de 1992,,,,169665
76001-23-31-000-2010-01623-01(52983)S.txt,76001-23-31-000-2010-01623-01,52983,2010,,Accede,,22 de abril de 2007,22 de abril de 2007,Roldanillo,Risaralda,,96481
76001-2331-000-2010-00337-01(59269).txt,76001-2331-000-2010-00337-01,59269,2010,,confirma,,14 de septiembre de 2011,6 de abril de 2018,,Cundinamarca,,49268
81001-23-31-000-2010-00049-01(57280).txt,81001-23-31-000-2010-00049-01,57280,2010,,,,3 de febrero de 2010,3 de julio de 2020,,,,45622
85001-23-31-000-2010-00177-02(51127).txt,85001-23-31-000-2010-00177-02,51127,2010,,,,28 de agosto de 2014,19 de febrero de 2007,Villanueva,Casanare,,44649
85001-23-31-000-2010-00178-01(47671).txt,85001-23-31-000-2010-00178-01,47671,2010,,Condena,,,,,Casanare,,463771
85001-23-33-000-2013-00035-01(51388)_2.txt,85001-23-33-000-2013-00035-01,51388,2013,ACCION DE REPARACION DIRECTA,Condena,,28 de marzo de 2007,,,Casanare,,564258
85001-23-33-000-2014-00006-01(58751)A_1.txt,85001-23-33-000-2014-00006-01,58751,2014,,,,15 de diciembre de 2016,9 de febrero de 2012,,Casanare,,111938
AC4689-2017 (2014-00113-01).txt,AC4689-2017,,,,,,18 de febrero de 2000,4 de agosto de 2004,,Magdalena,,26732
AP1007-2017(44180).txt,AP1007-2017,44180,,,,,19 de marzo de 2014,30 de agosto de 2011,Granada,Antioquia,,19042
AP1018-2016(45852).txt,AP1018-2016,45852,,,,,6 de mayo de 2013,9 de noviembre de 2006,Bolvar,Cauca,,35790
AP1028-2017(48489).txt,AP1028-2017,48489,,,confirma,,2 de agosto de 2005,1 de agosto de 2005,La,Antioquia,,40854
AP1043-2018(50597).txt,AP1043-2018,50597,,,,,11 de junio de 2015,21 de octubre de 2003,,,,14311
AP1580-2014(42789).txt,AP1580-2014,42789,,,,,26 de diciembre de 2006,4 de enero de 2007,Paz,Casanare,,25874
AP1594-2014(40210).txt,AP1594-2014,40210,,,,,26 de abril de 2006,30 de septiembre de 2010,Abriaqu,Antioquia,,13065
AP1621-2014(41267).txt,AP1621-2014,41267,,,,,26 de abril de 2006,20 de octubre de 2010,Abriaqu,Antioquia,,11111
AP1677-2016(44670).txt,AP1677-2016,44670,,,,,8 de febrero de 2008,19 de abril de 2012,Pradera,Valle,,25464
AP1702-2016(45831).txt,AP1702-2016,45831,,,,,29 de diciembre de 2004,5 de octubre de 2009,Santa,Cauca,,25727
AP1726-2018(52604).txt,AP1726-2018,52604,,,,,8 de agosto de 2007,8 de agosto de 2007,Paz,Casanare,,13558
AP1754-2016(43050).txt,AP1754-2016,43050,,,,,21 de enero de 2007,23 de abril de 2009,,Norte de Santander,,34501
AP176-2018(48912).txt,AP176-2018,48912,,,,,7 de enero de 2016,18 de abril de 2006,Concepcin,Antioquia,,19500
AP1832-2017(46415).txt,AP1832-2017,46415,,,,,10 de marzo de 2015,22 de marzo de 2006,,Huila,,18444
AP200-2015(35423).txt,AP200-2015,35423,,,,,26 de mayo de 2005,11 de enero de 2008,,Antioquia,,73472
AP2047-2020(55854).txt,AP2047-2020,55854,,,,,10 de febrero de 2014,21 de noviembre de 2007,Ocaa,Norte de Santander,,16243
AP2205-2014(42419).txt,AP2205-2014,42419,,,,,29 de diciembre de 2004,13 de diciembre de 2011,,Antioquia,,42474
AP2463-2019(46900).txt,AP2463-2019,46900,,,,,19 de octubre de 2007,18 de noviembre de 2010,,Santander,,17007
AP2471-2016(46921).txt,AP2471-2016,46921,,,,,21 de junio de 2007,27 de junio de 2007,Montelbano,,,26572
AP2534-2016(47316).txt,AP2534-2016,47316,,,,,25 de agosto de 2005,7 de agosto de 2005,,Antioquia,,54441
AP2578-2017(49790).txt,AP2578-2017,49790,,,,,25 de agosto de 2007,25 de agosto de 2007,Totor,,,17460
AP2579-2015(43126).txt,AP2579-2015,43126,,,,,17 de enero de 2013,14 de mayo de 2010,Tiquisio,,,44791
AP2606-2020(58002).txt,AP2606-2020,58002,,,,,24 de marzo de 2019,23 de septiembre de 2019,Corozal,Sucre,,11049
AP2610-2018(40098).txt,AP2610-2018,40098,,,,,15 de abril de 2004,18 de junio de 2002,,Antioquia,,27260
AP2617-2015(45828).txt,AP2617-2015,45828,,,,,30 de septiembre de 2011,20 de mayo de 2014,El,Magdalena,,17592
AP2687-2016(48007).txt,AP2687-2016,48007,,,,,22 de marzo de 2007,18 de marzo de 2016,,Antioquia,,6660
AP2706-2020(57083).txt,AP2706-2020,57083,,,condena,,15 de marzo de 2008,19 de septiembre de 2008,,Tolima,,13669
AP271-2018(43546).txt,AP271-2018,43546,,,,,9 de julio de 2005,16 de octubre de 2007,San,Antioquia,,21155
AP2739-2015(45149).txt,AP2739-2015,45149,,,,,15 de octubre de 1997,13 de febrero de 1994,Ccuta,VALLE,,32744
AP2831-2014(43678).txt,AP2831-2014,43678,,,,,8 de marzo de 2008,,,Cesar,,18656
AP3015-2018(50733).txt,AP3015-2018,50733,,,,,14 de mayo de 2005,25 de julio de 2007,Granada,Antioquia,,24363
AP306-2016(47172)_1.txt,AP306-2016,47172,,,,,6 de abril de 2007,29 de octubre de 2010,Hato,Casanare,,45132
AP3063-2019(55334).txt,AP3063-2019,55334,,,,,10 de mayo de 2006,11 de mayo de 2006,,Magdalena,,14876
AP308-2018(50597).txt,AP308-2018,50597,,,,,11 de junio de 2015,21 de octubre de 2003,,,,14381
AP310-2016(46299).txt,AP310-2016,46299,,,,,8 de febrero de 2006,10 de marzo de 2009,Gigante,Huila,,39269
AP3167-2016(48025).txt,AP3167-2016,48025,,,,,27 de marzo de 2014,17 de septiembre de 2010,,Cesar,,19218
AP3224-2016(48132).txt,AP3224-2016,48132,,,,,3 de abril de 2007,2 de mayo de 2011,,Sucre,,21635
AP3313-2018(52982).txt,AP3313-2018,52982,,recurso de apelación,,,10 de junio de 2016,13 de julio de 2017,,Antioquia,Militar,17136
AP3355-2015(45174).txt,AP3355-2015,45174,,,,,15 de noviembre de 2006,13 de septiembre de 2012,,Antioquia,,23713
AP3389-2016(48168).txt,AP3389-2016,48168,,,,,28 de julio de 2014,3 de abril de 2007,,CESAR,,16105
AP3405-2017(43924).txt,AP3405-2017,43924,,,,,21 de enero de 2014,22 de abril de 2007,Aguazul,Casanare,,89162
AP3439-2014(41752).txt,AP3439-2014,41752,,,confirma,,24 de diciembre de 2006,28 de mayo de 2011,Majagual,Sucre,,28483
AP3455-2014(43303).txt,AP3455-2014,43303,,,,para oficiosamente proferir,9 de enero de 2008,11 de enero de 2008,Soacha,Cundinamarca,,192651
AP3781-2014(43678).txt,AP3781-2014,43678,,,,,7 de septiembre de 2011,28 de mayo de 2014,,,,10395
AP4064-2016(46318).txt,AP4064-2016,46318,,,,,24 de enero de 2008,31 de julio de 2012,Chaparral,Tolima,,38328
AP4146-2017(50301).txt,AP4146-2017,50301,,,,,17 de marzo de 2006,9 de agosto de 2010,Gigante,Huila,,19607
AP4236-2016(46895).txt,AP4236-2016,46895,,,,,7 de mayo de 2015,1 de febrero de 2012,Canalete,,,17534
AP4249-2014(36487).txt,AP4249-2014,36487,,,,,14 de agosto de 2006,13 de junio de 2007,,,,75464
AP4401-2015(43936).txt,AP4401-2015,43936,,,,,11 de diciembre de 2002,20 de abril de 2010,Campamento,Antioquia,,15992
AP4404-2015(45999).txt,AP4404-2015,45999,,,,,20 de junio de 2007,25 de septiembre de 2008,Puerto,,,17203
AP4462-2019(54916).txt,AP4462-2019,54916,,,,,5 de diciembre de 2005,9 de marzo de 2006,El,Meta,,33556
AP4477-2015(45545).txt,AP4477-2015,45545,,,,,24 de octubre de 2013,6 de noviembre de 2006,Barbacoas,Sucre,,21232
AP4483-2014(43888).txt,AP4483-2014,43888,,,,,27 de febrero de 2005,02 de marzo de 2005,San,Antioquia,,45352
AP4688-2017(50301).txt,AP4688-2017,50301,,,,,17 de marzo de 2006,24 de mayo de 2013,Gigante,Huila,,29588
AP4695-2017(43546).txt,AP4695-2017,43546,,,,,9 de julio de 2005,16 de octubre de 2007,San,Antioquia,,37661
AP4753-2016(47812).txt,AP4753-2016,47812,,,,,6 de agosto de 2013,29 de julio de 2014,,Antioquia,,16753
AP4901-2017(42589).txt,AP4901-2017,42589,,,,,24 de diciembre de 2004,18 de enero de 2006,Nuncha,Casanare,,29191
AP4916-2017(49549)_1.txt,AP4916-2017,49549,,,,,16 de septiembre de 2006,24 de septiembre de 2007,Valparaso,,,28244
AP4964-2014(42764).txt,AP4964-2014,42764,,,,,16 de diciembre de 2011,2 de abril de 2006,San,Cesar,,34326
AP4979-2014(44036).txt,AP4979-2014,44036,,,,,8 de mayo de 2007,30 de marzo de 2012,El,Norte de Santander,,30933
AP4998-2019(56452).txt,AP4998-2019,56452,,,,,11 de marzo de 2006,4 de agosto de 2009,,,,30046
AP5005-2014(40526).txt,AP5005-2014,40526,,,,,13 de enero de 2012,31 de marzo de 2004,,Cauca,,38775
AP5012-2014(43895).txt,AP5012-2014,43895,,,confirma,,18 de mayo de 2004,17 de septiembre de 2010,Ituango,Antioquia,,33242
AP505-2014.txt,AP505-2014,,,,,,15 de octubre de 1997,13 de febrero de 1994,Ccuta,VALLE,,15383
AP5097-2017(47089).txt,AP5097-2017,47089,,,,,15 de noviembre de 2006,1 de junio de 2011,la,CESAR,,19793
AP5101-2015(46030).txt,AP5101-2015,46030,,,,,15 de octubre de 2014,14 de junio de 2008,,Cesar,,24143
AP5149-2015(43434).txt,AP5149-2015,43434,,,,,7 de octubre de 2013,19 de diciembre de 2006,Garzn,Huila,,32559
AP5160-2017(42374).txt,AP5160-2017,42374,,,,,4 de mayo de 2009,12 de noviembre de 2010,,Huila,,27973
AP5184-2015(46625).txt,AP5184-2015,46625,,,,,4 de octubre de 2006,3 de octubre de 2006,Nario,Antioquia,,21252
AP5185-2017(42374).txt,AP5185-2017,42374,,,,,4 de mayo de 2009,12 de noviembre de 2010,,Huila,,26233
AP5241-2017(48996).txt,AP5241-2017,48996,,,,,23 de abril de 2010,10 de febrero de 2012,Valdivia,Antioquia,,32934
AP5246-2017(49884).txt,AP5246-2017,49884,,,,,8 de febrero de 2007,25 de agosto de 2010,El,,,13285
AP5248-2017(50135).txt,AP5248-2017,50135,,,revoca,,21 de octubre de 2005,9 de marzo de 2011,Palestina,Magdalena,,39737
AP5383-2017(47089).txt,AP5383-2017,47089,,,,,15 de noviembre de 2006,1 de junio de 2011,la,CESAR,,20364
AP5571-2017(49088).txt,AP5571-2017,49088,,,condena,,11 de enero de 2007,26 de diciembre de 2006,,Casanare,,57682
AP5670-2015(46386).txt,AP5670-2015,46386,,,,,15 de diciembre de 2014,26 de julio de 2004,,Antioquia,,25827
AP5708-2017(48996).txt,AP5708-2017,48996,,,,,23 de abril de 2010,22 de agosto de 2011,Valdivia,Antioquia,,20229
AP5715-2016(47538).txt,AP5715-2016,47538,,,confirma,,22 de junio de 2004,17 de julio de 2004,Chita,,,11848
AP5759-2014(35677).txt,AP5759-2014,35677,,,,,4 de junio de 2005,17 de octubre de 2008,,,,12946
AP5765-2014(35983).txt,AP5765-2014,35983,,,,,5 de agosto de 2004,12 de julio de 2005,Saravena,Arauca,,8353
AP5767-2014(38961).txt,AP5767-2014,38961,,,,,1 de febrero de 2004,12 de noviembre de 2008,Florin,Sucre,,11856
AP5769-2016(48507).txt,AP5769-2016,48507,,,,,15 de mayo de 2004,17 de mayo de 2004,San,Antioquia,,27312
AP5775-2017(47937).txt,AP5775-2017,47937,,,,,13 de noviembre de 2014,4 de octubre de 2006,Nario,Antioquia,CONTRAGUERRILLAS,59625
AP5854-2017(46043).txt,AP5854-2017,46043,,,,,4 de enero de 2005,20 de abril de 2005,,Antioquia,,24161
AP5870-2017(48100).txt,AP5870-2017,48100,,,condena,,14 de diciembre de 2006,21 de octubre de 2011,Puerto,,,18341
AP5902-2016(48410).txt,AP5902-2016,48410,,,,,4 de junio de 2014,17 de marzo de 2008,Paz,Casanare,,17258
AP6398-2017(40098).txt,AP6398-2017,40098,,,condena,,17 de febrero de 2005,15 de abril de 2004,San,Antioquia,,30594
AP6551-2016(48560)_1.txt,AP6551-2016,48560,,,condena,,14 de diciembre de 2005,17 de junio de 2015,Santa,Antioquia,,6629
AP6563-2016(47919).txt,AP6563-2016,47919,,,,,8 de octubre de 2012,26 de marzo de 2013,,Cundinamarca,,11483
AP6662-2016(45787).txt,AP6662-2016,45787,,,confirma,,9 de septiembre de 2007,10 de marzo de 2008,,Norte de Santander,,30612
AP6731-2017(44876).txt,AP6731-2017,44876,,,,,10 de marzo de 2010,30 de noviembre de 2010,Gigante,Cesar,,16827
AP6733-2017(48520).txt,AP6733-2017,48520,,,,,15 de diciembre de 2005,16 de diciembre de 2005,,Cauca,,22141
AP6734-2017(48520).txt,AP6734-2017,48520,,,,,15 de diciembre de 2005,16 de diciembre de 2005,,Cauca,,22567
AP6739-2017(50135).txt,AP6739-2017,50135,,,,,21 de octubre de 2005,22 de septiembre de 2008,Palestina,Magdalena,,32637
AP6799-2017(47089).txt,AP6799-2017,47089,,,,,15 de noviembre de 2006,26 de noviembre de 2010,La,Cesar,,15704
AP6886-2015(44163).txt,AP6886-2015,44163,,,,,21 de febrero de 2014,3 de enero de 2014,San,Antioquia,,35337
AP6888-2014(40952).txt,AP6888-2014,40952,,,,,30 de mayo de 2006,9 de abril de 2007,Santa,Antioquia,,20156
AP6934-2015(46048).txt,AP6934-2015,46048,,,,,26 de septiembre de 2005,5 de octubre de 2012,Barbosa,Antioquia,,27462
AP7052-2017(48100).txt,AP7052-2017,48100,,,condena,,14 de diciembre de 2006,21 de octubre de 2011,Puerto,,,18663
AP7072-2016(47576).txt,AP7072-2016,47576,,,,,16 de octubre de 2012,31 de marzo de 2014,Frontino,Antioquia,,8092
AP7127-2017(49321).txt,AP7127-2017,49321,,,,,12 de junio de 2014,4 de octubre de 2006,Puerto,Putumayo,,17583
AP7171-2017(48583).txt,AP7171-2017,48583,,,,,7 de septiembre de 2010,11 de enero de 2011,,,,14462
AP7179-2014(42277).txt,AP7179-2014,42277,,,,,2 de abril de 2007,5 de agosto de 2008,,Santander,,79575
AP7242-2014(38393).txt,AP7242-2014,38393,,,,,13 de junio de 2011,13 de mayo de 2007,,,,31229
AP7260-2014(44953)_1.txt,AP7260-2014,44953,,,,,19 de mayo de 2007,11 de marzo de 2011,Tierralta,,,10609
AP7461-2017(50844).txt,AP7461-2017,50844,,,,,9 de noviembre de 2015,30 de diciembre de 2016,Tolviejo,Sucre,,25514
AP7509-2017(50597).txt,AP7509-2017,50597,,,,,11 de junio de 2015,21 de octubre de 2003,,,,14775
AP767-2019(49497).txt,AP767-2019,49497,,,condena,,1 de septiembre de 2013,10 de junio de 2014,,,,30846
AP7870-2017(50597).txt,AP7870-2017,50597,,,,,11 de junio de 2015,21 de octubre de 2003,,,,14156
AP814-2014(42178).txt,AP814-2014,42178,,,,,28 de septiembre de 2012,14 de diciembre de 2005,Algeciras,,,27985
AP8326-2016(46366).txt,AP8326-2016,46366,,,,,2 de abril de 2014,29 de diciembre de 2004,Santa,Cauca,,27572
AP860-2019(54393).txt,AP860-2019,54393,,,,,4 de abril de 2017,1 de diciembre de 2016,Bello,Antioquia,,8784
AP898-2015(44895).txt,AP898-2015,44895,,,,,25 de agosto de 2005,7 de agosto de 2005,Rionegro,Antioquia,JUAN,37825
AP937-2014(43144).txt,AP937-2014,43144,,,,,20 de mayo de 2013,30 de junio de 2011,,Cesar,,70178
AP938-2015 (44709).txt,AP938-2015,44709,,,,,20 de mayo de 2014,9 de marzo de 2005,,Antioquia,,26124
AP944-2015 (42767).txt,AP944-2015,42767,,,,,27 de agosto de 2007,18 de febrero de 2008,Yopal,Casanare,,19438
AP950-2016(43526).txt,AP950-2016,43526,,,,,13 de febrero de 2013,31 de enero de 2014,,Antioquia,,45488
AP951-2015 (44316).txt,AP951-2015,44316,,,,,5 de marzo de 2014,25 de mayo de 2005,,Casanare,,42330
AP952-2015 (44755)_2.txt,AP952-2015,44755,,,,,13 de noviembre de 2012,7 de julio de 2004,,Norte de Santander,,19327
CE-SEC3-EXP2001-N11940.txt,CE-SEC3-EXP2001-N11940,,,,,,26 de febrero de 1996,22 de marzo de 1993,,Tolima,,66576
DEFINICION CONSEJO DE ESTADO.txt,DEFINICION CONSEJO DE ESTADO,,,,,,23 de mayo de 1994,17 de junio de 1998,,,,3013
Resumen caso .txt,Resumen caso,,,tutela,,,9 de marzo de 2002,11 de marzo de 2002,,,de,44130
SENTENCIA 42213 REGISTRO INCOMPLETO.txt,SENTENCIA 42213 REGISTRO INCOMPLETO,,,,,,2 de junio de 2006,13 de noviembre de 2007,,Córdoba,de,6110
SP017-2018(43801).txt,SP017-2018,43801,,,condena,,5 de diciembre de 2012,11 de junio de 2004,Puerto,,,30990
SP036-2018(42374).txt,SP036-2018,42374,,,condena,,22 de marzo de 2006,22 de marzo de 2006,Pitalito,Huila,,20924
SP1039-2019(40098).txt,SP1039-2019,40098,,,,,15 de febrero de 2005,26 de enero de 2009,,Antioquia,,115937
SP1081-2015(44434).txt,SP1081-2015,44434,,,,,7 de diciembre de 2005,16 de enero de 2006,Frontino,Antioquia,,19253
SP1090-2015(36970).txt,SP1090-2015,36970,,,,,9 de marzo de 2011,15 de diciembre de 2005,Tamara,Casanare,,38174
SP1111-2018(42589).txt,SP1111-2018,42589,,,condena,,21 de diciembre de 2004,24 de diciembre de 2004,Nuncha,Casanare,,52781
SP11728-2014(43303).txt,SP11728-2014,43303,,,,,9 de enero de 2008,11 de enero de 2008,Soacha,Cundinamarca,,41630
SP1175-2020(52341).txt,SP1175-2020,52341,,,condena,,9 de diciembre de 2014,7 de marzo de 2015,,,,47246
SP1290-2018(43529).txt,SP1290-2018,43529,,,,,20 de octubre de 2005,21 de octubre de 2005,Palestina,Huila,,33466
SP12931-2014(38097).txt,SP12931-2014,38097,,,condena,,6 de junio de 2002,9 de septiembre de 2002,,,,56691
SP136-2016(35787).txt,SP136-2016,35787,,,,,28 de octubre de 2009,29 de noviembre de 2006,Canaletes,,,58776
SP13600-2015(42241).txt,SP13600-2015,42241,,,,,7 de marzo de 2013,17 de enero de 2013,Yopal,Casanare,,54032
SP13988-2017(48520).txt,SP13988-2017,48520,,,revoca,,13 de noviembre de 2015,15 de diciembre de 2005,La,Cauca,,38231
SP14215-2016(45149).txt,SP14215-2016,45149,,,,,14 de febrero de 1994,22 de febrero de 1994,Ccuta,VALLE,,85245
SP14287-2016(47274).txt,SP14287-2016,47274,,,,,16 de julio de 2015,16 de diciembre de 2011,Ibagu,Tolima,,51862
SP14476-2015(44127).txt,SP14476-2015,44127,,,,,11 de diciembre de 2013,6 de junio de 2012,San,Norte de Santander,,105245
SP1457-2014(42438).txt,SP1457-2014,42438,,,,,20 de diciembre de 2010,22 de diciembre de 2010,,,,11268
SP14966-2016(45692).txt,SP14966-2016,45692,,,,,30 de junio de 2007,27 de abril de 2012,El,Norte de Santander,,43178
SP1543-2018(44284).txt,SP1543-2018,44284,,,,,14 de marzo de 2013,23 de julio de 2006,San,Huila,,45897
SP15774-2017(44409)1.txt,SP15774-2017,44409,,,,,2 de noviembre de 2012,1 de marzo de 2013,,,,51845
SP16935-2016(48369).txt,SP16935-2016,48369,,,,,27 de abril de 2005,26 de abril de 2005,La,Cesar,,22306
SP17063-2015(35543).txt,SP17063-2015,35543,,,,,6 de julio de 2010,12 de octubre de 2006,Hacar,Norte de Santander,,71072
SP17412-2017(48507).txt,SP17412-2017,48507,,,,,15 de mayo de 2004,16 de mayo de 2004,San,Antioquia,,40626
SP1854-2019(46900).txt,SP1854-2019,46900,,,,,19 de octubre de 2007,18 de noviembre de 2010,,Santander,,123996
SP1872-2017(34982).txt,SP1872-2017,34982,,,,,19 de febrero de 2005,19 de febrero de 2005,Bello,Antioquia,,45824
SP19224-2017(47716).txt,SP19224-2017,47716,,,,,19 de abril de 2013,29 de noviembre de 2006,Rioblanco,Tolima,,111260
SP19629-2017(50718).txt,SP19629-2017,50718,,,,,18 de noviembre de 2016,19 de mayo de 2016,San,La Guajira,,39247
SP19677-2017(36487).txt,SP19677-2017,36487,,,,,14 de agosto de 2006,13 de junio de 2007,,,,50339
SP19759-2017(49790).txt,SP19759-2017,49790,,,,,25 de agosto de 2007,16 de enero de 2012,Totor,Cauca,,12105
SP2544-2020(56591) (1).txt,SP2544-2020,56591,,,confirma,,21 de diciembre de 2006,15 de marzo de 2007,,Vichada,,118027
SP2544-2020(56591).txt,SP2544-2020,56591,,,confirma,,21 de diciembre de 2006,15 de marzo de 2007,,Vichada,,118027
SP2639-2015(44221).txt,SP2639-2015,44221,,,,,7 de febrero de 2014,13 de julio de 2013,El,Santander,,50136
SP2772-2018(51773).txt,SP2772-2018,51773,,,confirma,,10 de octubre de 2005,23 de agosto de 2005,Bello,Antioquia,,21256
SP2819-2017(38307) (1).txt,SP2819-2017,38307,,,condena,,6 de junio de 2002,9 de septiembre de 2002,,,,79509
SP2819-2017(38307).doc.txt,SP2819-2017,38307,,,condena,,6 de junio de 2002,9 de septiembre de 2002,,Bolívar,de,80661
SP2819-2017(38307).txt,SP2819-2017,38307,,,condena,,6 de junio de 2002,9 de septiembre de 2002,,,,79509
SP3339-2016(44288).txt,SP3339-2016,44288,,,,,9 de abril de 2005,10 de abril de 2005,Yarumal,Antioquia,,32475
SP3382-2014(40733).txt,SP3382-2014,40733,,,,,24 de agosto de 2012,15 de julio de 2011,,Santander,,124444
SP3931-2017(47351).txt,SP3931-2017,47351,,,condena,,20 de diciembre de 2006,14 de abril de 2010,Rovira,Tolima,,32247
SP4090-2016(39842).txt,SP4090-2016,39842,,,confirma,,17 de agosto de 2003,30 de mayo de 2007,San,Cesar,,12335
SP4363-2016(41698).txt,SP4363-2016,41698,,,,,15 de febrero de 2013,16 de julio de 2004,Granada,Antioquia,,31951
SP4862-2017(44612).txt,SP4862-2017,44612,,,,,15 de junio de 1997,23 de septiembre de 2010,Dabeiba,Antioquia,,136844
SP4904-2018(49884).txt,SP4904-2018,49884,,,confirma,,8 de febrero de 2007,25 de agosto de 2010,Carmen,,,44650
SP5403-2017(38922).txt,SP5403-2017,38922,,,,,8 de septiembre de 2010,7 de diciembre de 2005,,Antioquia,,18001
SP5526-2014(43654).txt,SP5526-2014,43654,,,,,17 de septiembre de 2013,8 de septiembre de 2010,,Cesar,,26570
SP579-2018(52141).txt,SP579-2018,52141,,,,,14 de febrero de 2007,14 de febrero de 2007,La,Cesar,,22872
SP7317-2015(45805).txt,SP7317-2015,45805,,,,,20 de noviembre de 2005,11 de marzo de 2009,San,Cesar,,19992
SP7633-2016(38999).txt,SP7633-2016,38999,,,,,14 de enero de 2007,8 de mayo de 2009,,VALLE,,27160
SP8032-2015(39703).txt,SP8032-2015,39703,,,,,10 de febrero de 2004,13 de febrero de 2004,Turbo,Antioquia,,81216
SP8837-2015(45049).txt,SP8837-2015,45049,,,,,14 de noviembre de 2007,28 de abril de 2010,Chiriguan,Cesar,,28060
SP920-2016(44398).txt,SP920-2016,44398,,,,,16 de diciembre de 2013,30 de diciembre de 2006,Bucarasica,Norte de Santander,,26808
SP9714-2017(46449).txt,SP9714-2017,46449,,,,,30 de enero de 2008,19 de octubre de 2009,Yond,Antioquia,,9325
